{
  "type": "FeatureCollection",
  "features": [
    {
      "type": "Feature",
      "geometry": {
        "type": "Point",
        "coordinates": [
          12.481356,
          41.889038
        ]
      },
      "properties": {
        "id": "SS-ROM-0001",
        "nome": "Lungotevere Aventino",
        "quartiere": "Aventino/Testaccio",
        "municipio": "I",
        "classificazione": "rosso",
        "score": 4,
        "ciclabile": "si",
        "n_corsie": 4,
        "senso_unico": "no",
        "n_testimonianze": 5,
        "note": "pista ciclabile presente separata dal traffico. Ricolorato da verde a rosso in base a 1 segnalazioni reali (ultima: 2026-06-17T04:54)."
      }
    },
    {
      "type": "Feature",
      "geometry": {
        "type": "Point",
        "coordinates": [
          12.4728616,
          41.9076983
        ]
      },
      "properties": {
        "id": "SS-ROM-0002",
        "nome": "Lungotevere dei Mellini",
        "quartiere": "Prati",
        "municipio": "I",
        "classificazione": "nero",
        "score": 5,
        "ciclabile": "no",
        "n_corsie": 4,
        "senso_unico": "no",
        "n_testimonianze": 1,
        "note": "4 corsie veloci nessuna protezione"
      }
    },
    {
      "type": "Feature",
      "geometry": null,
      "properties": {
        "id": "SS-ROM-0003",
        "nome": "Lungotevere della Vittoria",
        "quartiere": "Prati",
        "municipio": "I",
        "classificazione": "nero",
        "score": 5,
        "ciclabile": "no",
        "n_corsie": 4,
        "senso_unico": "no",
        "n_testimonianze": 1,
        "note": "4 corsie veloci nessuna protezione"
      }
    },
    {
      "type": "Feature",
      "geometry": {
        "type": "Point",
        "coordinates": [
          12.473989,
          41.903192
        ]
      },
      "properties": {
        "id": "SS-ROM-0004",
        "nome": "Lungotevere Marzio",
        "quartiere": "Centro Storico",
        "municipio": "I",
        "classificazione": "nero",
        "score": 5,
        "ciclabile": "no",
        "n_corsie": 4,
        "senso_unico": "no",
        "n_testimonianze": 5,
        "note": "4 corsie veloci nessuna protezione"
      }
    },
    {
      "type": "Feature",
      "geometry": {
        "type": "Point",
        "coordinates": [
          12.4698882,
          41.9029073
        ]
      },
      "properties": {
        "id": "SS-ROM-0005",
        "nome": "Lungotevere Castello",
        "quartiere": "Prati",
        "municipio": "I",
        "classificazione": "nero",
        "score": 5,
        "ciclabile": "no",
        "n_corsie": 4,
        "senso_unico": "no",
        "n_testimonianze": 2,
        "note": "4 corsie nessuna protezione"
      }
    },
    {
      "type": "Feature",
      "geometry": {
        "type": "Point",
        "coordinates": [
          12.467515,
          41.901368
        ]
      },
      "properties": {
        "id": "SS-ROM-0006",
        "nome": "Lungotevere Tor di Nona",
        "quartiere": "Centro Storico",
        "municipio": "I",
        "classificazione": "nero",
        "score": 5,
        "ciclabile": "no",
        "n_corsie": 4,
        "senso_unico": "no",
        "n_testimonianze": 2,
        "note": "4 corsie veloci nessuna protezione"
      }
    },
    {
      "type": "Feature",
      "geometry": {
        "type": "Point",
        "coordinates": [
          12.471103,
          41.8913031
        ]
      },
      "properties": {
        "id": "SS-ROM-0007",
        "nome": "Lungotevere Sanzio",
        "quartiere": "Trastevere",
        "municipio": "I",
        "classificazione": "nero",
        "score": 5,
        "ciclabile": "no",
        "n_corsie": 4,
        "senso_unico": "no",
        "n_testimonianze": 1,
        "note": "4 corsie veloci nessuna protezione"
      }
    },
    {
      "type": "Feature",
      "geometry": {
        "type": "Point",
        "coordinates": [
          12.471103,
          41.8913031
        ]
      },
      "properties": {
        "id": "SS-ROM-0008",
        "nome": "Lungotevere Raffaello Sanzio",
        "quartiere": "Trastevere",
        "municipio": "I",
        "classificazione": "nero",
        "score": 5,
        "ciclabile": "no",
        "n_corsie": 4,
        "senso_unico": "no",
        "n_testimonianze": 1,
        "note": "4 corsie veloci nessuna protezione"
      }
    },
    {
      "type": "Feature",
      "geometry": null,
      "properties": {
        "id": "SS-ROM-0009",
        "nome": "Via dei Fori Imperiali (ciclabile)",
        "quartiere": "Centro Storico",
        "municipio": "I",
        "classificazione": "verde",
        "score": 1,
        "ciclabile": "si",
        "n_corsie": 0,
        "senso_unico": "no",
        "n_testimonianze": 4,
        "note": "pista ciclabile separata lungo i fori"
      }
    },
    {
      "type": "Feature",
      "geometry": {
        "type": "Point",
        "coordinates": [
          12.4723346,
          41.8870589
        ]
      },
      "properties": {
        "id": "SS-ROM-0010",
        "nome": "Viale Trastevere",
        "quartiere": "Trastevere",
        "municipio": "I",
        "classificazione": "rosso",
        "score": 4,
        "ciclabile": "no",
        "n_corsie": 4,
        "senso_unico": "no",
        "n_testimonianze": 1,
        "note": "arteria trafficata 4 corsie nessuna ciclabile"
      }
    },
    {
      "type": "Feature",
      "geometry": null,
      "properties": {
        "id": "SS-ROM-0011",
        "nome": "Via Nazionale",
        "quartiere": "Esquilino",
        "municipio": "I",
        "classificazione": "rosso",
        "score": 4,
        "ciclabile": "no",
        "n_corsie": 4,
        "senso_unico": "no",
        "n_testimonianze": 6,
        "note": "arteria trafficata 2-4 corsie nessuna ciclabile doppia fila perenne"
      }
    },
    {
      "type": "Feature",
      "geometry": null,
      "properties": {
        "id": "SS-ROM-0012",
        "nome": "Via Merulana",
        "quartiere": "Esquilino/Celio",
        "municipio": "I",
        "classificazione": "rosso",
        "score": 4,
        "ciclabile": "no",
        "n_corsie": 2,
        "senso_unico": "no",
        "n_testimonianze": 5,
        "note": "trafficata 2 corsie nessuna ciclabile"
      }
    },
    {
      "type": "Feature",
      "geometry": null,
      "properties": {
        "id": "SS-ROM-0013",
        "nome": "Corso Vittorio Emanuele II",
        "quartiere": "Centro Storico",
        "municipio": "I",
        "classificazione": "rosso",
        "score": 4,
        "ciclabile": "no",
        "n_corsie": 4,
        "senso_unico": "no",
        "n_testimonianze": 4,
        "note": "arteria principale 4 corsie nessuna ciclabile"
      }
    },
    {
      "type": "Feature",
      "geometry": {
        "type": "Point",
        "coordinates": [
          12.5006287,
          41.9088558
        ]
      },
      "properties": {
        "id": "SS-ROM-0014",
        "nome": "Via XX Settembre",
        "quartiere": "Castro Pretorio",
        "municipio": "I",
        "classificazione": "rosso",
        "score": 4,
        "ciclabile": "no",
        "n_corsie": 4,
        "senso_unico": "no",
        "n_testimonianze": 1,
        "note": "trafficata 4 corsie nessuna ciclabile"
      }
    },
    {
      "type": "Feature",
      "geometry": {
        "type": "Point",
        "coordinates": [
          12.490286,
          41.894397
        ]
      },
      "properties": {
        "id": "SS-ROM-0015",
        "nome": "Via Cavour",
        "quartiere": "Esquilino",
        "municipio": "I",
        "classificazione": "blu",
        "score": 2,
        "ciclabile": "no",
        "n_corsie": 4,
        "senso_unico": "no",
        "n_testimonianze": 5,
        "note": "trafficata 4 corsie nessuna ciclabile. Ricolorato da rosso a blu in base a 1 segnalazioni reali (ultima: 2026-06-17T04:56)."
      }
    },
    {
      "type": "Feature",
      "geometry": null,
      "properties": {
        "id": "SS-ROM-0016",
        "nome": "Via Nomentana (tratto urbano)",
        "quartiere": "Nomentano",
        "municipio": "I",
        "classificazione": "verde",
        "score": 1,
        "ciclabile": "si",
        "n_corsie": 4,
        "senso_unico": "no",
        "n_testimonianze": 2,
        "note": "arteria radiale trafficata"
      }
    },
    {
      "type": "Feature",
      "geometry": null,
      "properties": {
        "id": "SS-ROM-0017",
        "nome": "Via Tiburtina (tratto urbano)",
        "quartiere": "Tiburtino",
        "municipio": "I",
        "classificazione": "rosso",
        "score": 4,
        "ciclabile": "no",
        "n_corsie": 4,
        "senso_unico": "no",
        "n_testimonianze": 1,
        "note": "arteria radiale trafficata"
      }
    },
    {
      "type": "Feature",
      "geometry": null,
      "properties": {
        "id": "SS-ROM-0018",
        "nome": "Via Prenestina (tratto urbano)",
        "quartiere": "Prenestino",
        "municipio": "I",
        "classificazione": "verde",
        "score": 1,
        "ciclabile": "si",
        "n_corsie": 4,
        "senso_unico": "no",
        "n_testimonianze": 1,
        "note": "arteria radiale trafficata"
      }
    },
    {
      "type": "Feature",
      "geometry": null,
      "properties": {
        "id": "SS-ROM-0019",
        "nome": "Via Appia Nuova (tratto urbano)",
        "quartiere": "Appio",
        "municipio": "I",
        "classificazione": "rosso",
        "score": 4,
        "ciclabile": "no",
        "n_corsie": 4,
        "senso_unico": "no",
        "n_testimonianze": 1,
        "note": "arteria trafficata nessuna ciclabile"
      }
    },
    {
      "type": "Feature",
      "geometry": {
        "type": "Point",
        "coordinates": [
          12.4620349,
          41.9071906
        ]
      },
      "properties": {
        "id": "SS-ROM-0020",
        "nome": "Via Cola di Rienzo",
        "quartiere": "Prati",
        "municipio": "I",
        "classificazione": "rosso",
        "score": 4,
        "ciclabile": "no",
        "n_corsie": 4,
        "senso_unico": "no",
        "n_testimonianze": 1,
        "note": "commerciale trafficata 4 corsie"
      }
    },
    {
      "type": "Feature",
      "geometry": null,
      "properties": {
        "id": "SS-ROM-0021",
        "nome": "Via del Corso",
        "quartiere": "Centro Storico",
        "municipio": "I",
        "classificazione": "blu",
        "score": 2,
        "ciclabile": "no",
        "n_corsie": 2,
        "senso_unico": "no",
        "n_testimonianze": 2,
        "note": "ZTL pedonale confermata - segnalazione Nikolai"
      }
    },
    {
      "type": "Feature",
      "geometry": {
        "type": "Point",
        "coordinates": [
          12.4886745,
          41.9089721
        ]
      },
      "properties": {
        "id": "SS-ROM-0022",
        "nome": "Via Veneto",
        "quartiere": "Ludovisi",
        "municipio": "I",
        "classificazione": "rosso",
        "score": 4,
        "ciclabile": "no",
        "n_corsie": 4,
        "senso_unico": "no",
        "n_testimonianze": 3,
        "note": "trafficata 4 corsie nessuna ciclabile"
      }
    },
    {
      "type": "Feature",
      "geometry": null,
      "properties": {
        "id": "SS-ROM-0023",
        "nome": "Via Sistina",
        "quartiere": "Trevi",
        "municipio": "I",
        "classificazione": "rosso",
        "score": 4,
        "ciclabile": "no",
        "n_corsie": 2,
        "senso_unico": "no",
        "n_testimonianze": 3,
        "note": "trafficata 2 corsie ripida nessuna ciclabile"
      }
    },
    {
      "type": "Feature",
      "geometry": {
        "type": "Point",
        "coordinates": [
          12.486873,
          41.9031614
        ]
      },
      "properties": {
        "id": "SS-ROM-0024",
        "nome": "Via Tritone",
        "quartiere": "Trevi",
        "municipio": "I",
        "classificazione": "rosso",
        "score": 4,
        "ciclabile": "no",
        "n_corsie": 4,
        "senso_unico": "no",
        "n_testimonianze": 1,
        "note": "trafficata 4 corsie nessuna ciclabile"
      }
    },
    {
      "type": "Feature",
      "geometry": {
        "type": "Point",
        "coordinates": [
          12.490289,
          41.9041329
        ]
      },
      "properties": {
        "id": "SS-ROM-0025",
        "nome": "Via Barberini",
        "quartiere": "Trevi",
        "municipio": "I",
        "classificazione": "rosso",
        "score": 4,
        "ciclabile": "no",
        "n_corsie": 2,
        "senso_unico": "no",
        "n_testimonianze": 3,
        "note": "trafficata 2 corsie nessuna ciclabile"
      }
    },
    {
      "type": "Feature",
      "geometry": {
        "type": "Point",
        "coordinates": [
          12.4894386,
          41.9026814
        ]
      },
      "properties": {
        "id": "SS-ROM-0026",
        "nome": "Via delle Quattro Fontane",
        "quartiere": "Trevi",
        "municipio": "I",
        "classificazione": "rosso",
        "score": 4,
        "ciclabile": "no",
        "n_corsie": 2,
        "senso_unico": "no",
        "n_testimonianze": 1,
        "note": "trafficata 2 corsie nessuna ciclabile"
      }
    },
    {
      "type": "Feature",
      "geometry": null,
      "properties": {
        "id": "SS-ROM-0027",
        "nome": "Via Arenula",
        "quartiere": "Centro Storico",
        "municipio": "I",
        "classificazione": "rosso",
        "score": 4,
        "ciclabile": "no",
        "n_corsie": 4,
        "senso_unico": "no",
        "n_testimonianze": 5,
        "note": "arteria 4 corsie nessuna ciclabile"
      }
    },
    {
      "type": "Feature",
      "geometry": {
        "type": "Point",
        "coordinates": [
          12.480876,
          41.896361
        ]
      },
      "properties": {
        "id": "SS-ROM-0028",
        "nome": "Via del Plebiscito",
        "quartiere": "Centro Storico",
        "municipio": "I",
        "classificazione": "rosso",
        "score": 4,
        "ciclabile": "no",
        "n_corsie": 4,
        "senso_unico": "no",
        "n_testimonianze": 6,
        "note": "trafficata nessuna ciclabile"
      }
    },
    {
      "type": "Feature",
      "geometry": null,
      "properties": {
        "id": "SS-ROM-0029",
        "nome": "Piazza Venezia (confluenza)",
        "quartiere": "Centro Storico",
        "municipio": "I",
        "classificazione": "rosso",
        "score": 4,
        "ciclabile": "no",
        "n_corsie": 0,
        "senso_unico": "no",
        "n_testimonianze": 4,
        "note": "hub traffico nessuna protezione ciclisti"
      }
    },
    {
      "type": "Feature",
      "geometry": null,
      "properties": {
        "id": "SS-ROM-0030",
        "nome": "Via dei Fori Imperiali",
        "quartiere": "Centro Storico",
        "municipio": "I",
        "classificazione": "giallo",
        "score": 3,
        "ciclabile": "si",
        "n_corsie": 4,
        "senso_unico": "no",
        "n_testimonianze": 4,
        "note": "lavori appena terminati ciclabile dipinta ma velocita auto troppo alta - segnalazione @hyperpigno"
      }
    },
    {
      "type": "Feature",
      "geometry": {
        "type": "Point",
        "coordinates": [
          12.480726,
          41.892648
        ]
      },
      "properties": {
        "id": "SS-ROM-0031",
        "nome": "Via del Teatro di Marcello",
        "quartiere": "Centro Storico",
        "municipio": "I",
        "classificazione": "rosso",
        "score": 4,
        "ciclabile": "no",
        "n_corsie": 2,
        "senso_unico": "no",
        "n_testimonianze": 5,
        "note": "trafficata curva pericolosa"
      }
    },
    {
      "type": "Feature",
      "geometry": {
        "type": "Point",
        "coordinates": [
          12.4668858,
          41.9132075
        ]
      },
      "properties": {
        "id": "SS-ROM-0032",
        "nome": "Viale delle Milizie",
        "quartiere": "Prati",
        "municipio": "I",
        "classificazione": "verde",
        "score": 1,
        "ciclabile": "no",
        "n_corsie": 4,
        "senso_unico": "no",
        "n_testimonianze": 2,
        "note": "4 corsie trafficata nessuna ciclabile. Ricolorato da rosso a verde in base a 1 segnalazioni reali (ultima: 2026-06-16T04:42)."
      }
    },
    {
      "type": "Feature",
      "geometry": null,
      "properties": {
        "id": "SS-ROM-0033",
        "nome": "Via Candia",
        "quartiere": "Prati",
        "municipio": "I",
        "classificazione": "giallo",
        "score": 3,
        "ciclabile": "no",
        "n_corsie": 2,
        "senso_unico": "si",
        "n_testimonianze": 2,
        "note": "strada urbana senso unico traffico medio"
      }
    },
    {
      "type": "Feature",
      "geometry": {
        "type": "Point",
        "coordinates": [
          12.4672817,
          41.9054808
        ]
      },
      "properties": {
        "id": "SS-ROM-0034",
        "nome": "Via Crescenzio",
        "quartiere": "Prati",
        "municipio": "I",
        "classificazione": "rosso",
        "score": 4,
        "ciclabile": "no",
        "n_corsie": 2,
        "senso_unico": "no",
        "n_testimonianze": 4,
        "note": "strada urbana 2 corsie traffico contenuto. Ricolorato da giallo a rosso in base a 1 segnalazioni reali (ultima: 2026-06-16T04:42)."
      }
    },
    {
      "type": "Feature",
      "geometry": {
        "type": "Point",
        "coordinates": [
          12.461081,
          41.9085295
        ]
      },
      "properties": {
        "id": "SS-ROM-0035",
        "nome": "Via Germanico",
        "quartiere": "Prati",
        "municipio": "I",
        "classificazione": "giallo",
        "score": 3,
        "ciclabile": "no",
        "n_corsie": 1,
        "senso_unico": "si",
        "n_testimonianze": 2,
        "note": "senso unico residenziale"
      }
    },
    {
      "type": "Feature",
      "geometry": {
        "type": "Point",
        "coordinates": [
          12.4622113,
          41.908826
        ]
      },
      "properties": {
        "id": "SS-ROM-0036",
        "nome": "Via Fabio Massimo",
        "quartiere": "Prati",
        "municipio": "I",
        "classificazione": "giallo",
        "score": 3,
        "ciclabile": "no",
        "n_corsie": 1,
        "senso_unico": "si",
        "n_testimonianze": 1,
        "note": "senso unico residenziale Prati"
      }
    },
    {
      "type": "Feature",
      "geometry": {
        "type": "Point",
        "coordinates": [
          12.468169,
          41.9058244
        ]
      },
      "properties": {
        "id": "SS-ROM-0037",
        "nome": "Via Tacito",
        "quartiere": "Prati",
        "municipio": "I",
        "classificazione": "giallo",
        "score": 3,
        "ciclabile": "no",
        "n_corsie": 1,
        "senso_unico": "si",
        "n_testimonianze": 1,
        "note": "senso unico residenziale Prati"
      }
    },
    {
      "type": "Feature",
      "geometry": {
        "type": "Point",
        "coordinates": [
          12.4964601,
          41.8884291
        ]
      },
      "properties": {
        "id": "SS-ROM-0038",
        "nome": "Via Celimontana",
        "quartiere": "Celio",
        "municipio": "I",
        "classificazione": "giallo",
        "score": 3,
        "ciclabile": "no",
        "n_corsie": 2,
        "senso_unico": "no",
        "n_testimonianze": 4,
        "note": "strada tranquilla vicino parco"
      }
    },
    {
      "type": "Feature",
      "geometry": {
        "type": "Point",
        "coordinates": [
          12.4963534,
          41.8837737
        ]
      },
      "properties": {
        "id": "SS-ROM-0039",
        "nome": "Via della Navicella",
        "quartiere": "Celio",
        "municipio": "I",
        "classificazione": "giallo",
        "score": 3,
        "ciclabile": "no",
        "n_corsie": 1,
        "senso_unico": "si",
        "n_testimonianze": 2,
        "note": "strada tranquilla residenziale"
      }
    },
    {
      "type": "Feature",
      "geometry": {
        "type": "Point",
        "coordinates": [
          12.4945853,
          41.8873166
        ]
      },
      "properties": {
        "id": "SS-ROM-0040",
        "nome": "Via Claudia",
        "quartiere": "Celio",
        "municipio": "I",
        "classificazione": "giallo",
        "score": 3,
        "ciclabile": "no",
        "n_corsie": 1,
        "senso_unico": "si",
        "n_testimonianze": 2,
        "note": "traffico contenuto senso unico"
      }
    },
    {
      "type": "Feature",
      "geometry": {
        "type": "Point",
        "coordinates": [
          12.4898952,
          41.8943064
        ]
      },
      "properties": {
        "id": "SS-ROM-0041",
        "nome": "Via Madonna dei Monti",
        "quartiere": "Rione Monti",
        "municipio": "I",
        "classificazione": "giallo",
        "score": 3,
        "ciclabile": "no",
        "n_corsie": 1,
        "senso_unico": "si",
        "n_testimonianze": 2,
        "note": "senso unico Monti trafficata ma contenuta"
      }
    },
    {
      "type": "Feature",
      "geometry": {
        "type": "Point",
        "coordinates": [
          12.4887611,
          41.8960312
        ]
      },
      "properties": {
        "id": "SS-ROM-0042",
        "nome": "Via Panisperna",
        "quartiere": "Rione Monti",
        "municipio": "I",
        "classificazione": "blu",
        "score": 2,
        "ciclabile": "no",
        "n_corsie": 1,
        "senso_unico": "si",
        "n_testimonianze": 2,
        "note": "senso unico storico traffico contenuto. Ricolorato da giallo a blu in base a 1 segnalazioni reali (ultima: 2026-06-17T04:56)."
      }
    },
    {
      "type": "Feature",
      "geometry": {
        "type": "Point",
        "coordinates": [
          12.4903598,
          41.8975008
        ]
      },
      "properties": {
        "id": "SS-ROM-0043",
        "nome": "Via del Boschetto",
        "quartiere": "Rione Monti",
        "municipio": "I",
        "classificazione": "giallo",
        "score": 3,
        "ciclabile": "no",
        "n_corsie": 1,
        "senso_unico": "si",
        "n_testimonianze": 1,
        "note": "senso unico residenziale Monti"
      }
    },
    {
      "type": "Feature",
      "geometry": {
        "type": "Point",
        "coordinates": [
          12.493934,
          41.8960953
        ]
      },
      "properties": {
        "id": "SS-ROM-0044",
        "nome": "Via Urbana",
        "quartiere": "Rione Monti",
        "municipio": "I",
        "classificazione": "blu",
        "score": 2,
        "ciclabile": "no",
        "n_corsie": 1,
        "senso_unico": "si",
        "n_testimonianze": 3,
        "note": "senso unico residenziale Monti. Ricolorato da giallo a blu in base a 1 segnalazioni reali (ultima: 2026-06-17T04:56)."
      }
    },
    {
      "type": "Feature",
      "geometry": {
        "type": "Point",
        "coordinates": [
          12.4911462,
          41.8946434
        ]
      },
      "properties": {
        "id": "SS-ROM-0045",
        "nome": "Via Leonina",
        "quartiere": "Rione Monti",
        "municipio": "I",
        "classificazione": "blu",
        "score": 2,
        "ciclabile": "no",
        "n_corsie": 1,
        "senso_unico": "si",
        "n_testimonianze": 2,
        "note": "senso unico Monti traffico contenuto. Ricolorato da giallo a blu in base a 1 segnalazioni reali (ultima: 2026-06-17T04:56)."
      }
    },
    {
      "type": "Feature",
      "geometry": {
        "type": "Point",
        "coordinates": [
          12.4716612,
          41.8896401
        ]
      },
      "properties": {
        "id": "SS-ROM-0046",
        "nome": "Via della Lungaretta",
        "quartiere": "Trastevere",
        "municipio": "I",
        "classificazione": "giallo",
        "score": 3,
        "ciclabile": "no",
        "n_corsie": 1,
        "senso_unico": "si",
        "n_testimonianze": 1,
        "note": "senso unico Trastevere traffico contenuto"
      }
    },
    {
      "type": "Feature",
      "geometry": {
        "type": "Point",
        "coordinates": [
          12.4680141,
          41.8914929
        ]
      },
      "properties": {
        "id": "SS-ROM-0047",
        "nome": "Via della Scala",
        "quartiere": "Trastevere",
        "municipio": "I",
        "classificazione": "giallo",
        "score": 3,
        "ciclabile": "no",
        "n_corsie": 1,
        "senso_unico": "si",
        "n_testimonianze": 2,
        "note": "senso unico Trastevere"
      }
    },
    {
      "type": "Feature",
      "geometry": null,
      "properties": {
        "id": "SS-ROM-0048",
        "nome": "Via San Francesco a Ripa",
        "quartiere": "Trastevere",
        "municipio": "I",
        "classificazione": "giallo",
        "score": 3,
        "ciclabile": "no",
        "n_corsie": 2,
        "senso_unico": "no",
        "n_testimonianze": 1,
        "note": "2 corsie traffico contenuto"
      }
    },
    {
      "type": "Feature",
      "geometry": null,
      "properties": {
        "id": "SS-ROM-0049",
        "nome": "Via Garibaldi",
        "quartiere": "Trastevere/Gianicolo",
        "municipio": "I",
        "classificazione": "giallo",
        "score": 3,
        "ciclabile": "no",
        "n_corsie": 2,
        "senso_unico": "no",
        "n_testimonianze": 2,
        "note": "salita ripida traffico contenuto"
      }
    },
    {
      "type": "Feature",
      "geometry": {
        "type": "Point",
        "coordinates": [
          12.4640255,
          41.8971392
        ]
      },
      "properties": {
        "id": "SS-ROM-0050",
        "nome": "Via della Lungara",
        "quartiere": "Trastevere",
        "municipio": "I",
        "classificazione": "giallo",
        "score": 3,
        "ciclabile": "no",
        "n_corsie": 2,
        "senso_unico": "no",
        "n_testimonianze": 2,
        "note": "2 corsie traffico contenuto lungo mura"
      }
    },
    {
      "type": "Feature",
      "geometry": {
        "type": "Point",
        "coordinates": [
          12.469014,
          41.896601
        ]
      },
      "properties": {
        "id": "SS-ROM-0051",
        "nome": "Via Giulia",
        "quartiere": "Centro Storico",
        "municipio": "I",
        "classificazione": "blu",
        "score": 2,
        "ciclabile": "no",
        "n_corsie": 2,
        "senso_unico": "no",
        "n_testimonianze": 4,
        "note": "storica traffico contenuto. Ricolorato da giallo a blu in base a 1 segnalazioni reali (ultima: 2026-06-17T04:57)."
      }
    },
    {
      "type": "Feature",
      "geometry": {
        "type": "Point",
        "coordinates": [
          12.467273,
          41.898018
        ]
      },
      "properties": {
        "id": "SS-ROM-0052",
        "nome": "Via dei Banchi Vecchi",
        "quartiere": "Centro Storico",
        "municipio": "I",
        "classificazione": "blu",
        "score": 2,
        "ciclabile": "no",
        "n_corsie": 1,
        "senso_unico": "si",
        "n_testimonianze": 3,
        "note": "senso unico storico. Ricolorato da giallo a blu in base a 1 segnalazioni reali (ultima: 2026-06-17T04:57)."
      }
    },
    {
      "type": "Feature",
      "geometry": {
        "type": "Point",
        "coordinates": [
          12.2704872,
          42.0935528
        ]
      },
      "properties": {
        "id": "SS-ROM-0053",
        "nome": "Via del Governo Vecchio",
        "quartiere": "Centro Storico",
        "municipio": "I",
        "classificazione": "blu",
        "score": 2,
        "ciclabile": "no",
        "n_corsie": 1,
        "senso_unico": "si",
        "n_testimonianze": 2,
        "note": "senso unico storico traffico contenuto. Ricolorato da giallo a blu in base a 1 segnalazioni reali (ultima: 2026-06-16T13:13)."
      }
    },
    {
      "type": "Feature",
      "geometry": {
        "type": "Point",
        "coordinates": [
          12.461788,
          41.9021825
        ]
      },
      "properties": {
        "id": "SS-ROM-0054",
        "nome": "Via della Conciliazione",
        "quartiere": "Borgo",
        "municipio": "I",
        "classificazione": "giallo",
        "score": 3,
        "ciclabile": "no",
        "n_corsie": 4,
        "senso_unico": "no",
        "n_testimonianze": 4,
        "note": "larga ma traffico parzialmente controllato"
      }
    },
    {
      "type": "Feature",
      "geometry": null,
      "properties": {
        "id": "SS-ROM-0055",
        "nome": "Via Angelo Emo",
        "quartiere": "Prati",
        "municipio": "I",
        "classificazione": "giallo",
        "score": 3,
        "ciclabile": "no",
        "n_corsie": 1,
        "senso_unico": "si",
        "n_testimonianze": 2,
        "note": "senso unico residenziale"
      }
    },
    {
      "type": "Feature",
      "geometry": {
        "type": "Point",
        "coordinates": [
          12.4485738,
          41.8956234
        ]
      },
      "properties": {
        "id": "SS-ROM-0056",
        "nome": "Via Gregorio VII",
        "quartiere": "Aurelio",
        "municipio": "I",
        "classificazione": "giallo",
        "score": 3,
        "ciclabile": "no",
        "n_corsie": 2,
        "senso_unico": "no",
        "n_testimonianze": 3,
        "note": "trafficata ma senso unico tratti"
      }
    },
    {
      "type": "Feature",
      "geometry": null,
      "properties": {
        "id": "SS-ROM-0057",
        "nome": "Via Aurelia (tratto urbano)",
        "quartiere": "Aurelio",
        "municipio": "I",
        "classificazione": "rosso",
        "score": 4,
        "ciclabile": "no",
        "n_corsie": 4,
        "senso_unico": "no",
        "n_testimonianze": 1,
        "note": "arteria radiale trafficata"
      }
    },
    {
      "type": "Feature",
      "geometry": null,
      "properties": {
        "id": "SS-ROM-0058",
        "nome": "Via di Porta Cavalleggeri",
        "quartiere": "Borgo",
        "municipio": "I",
        "classificazione": "giallo",
        "score": 3,
        "ciclabile": "no",
        "n_corsie": 1,
        "senso_unico": "si",
        "n_testimonianze": 2,
        "note": "strada secondaria borgo vaticano"
      }
    },
    {
      "type": "Feature",
      "geometry": null,
      "properties": {
        "id": "SS-ROM-0059",
        "nome": "Viale Aventino",
        "quartiere": "Aventino",
        "municipio": "I",
        "classificazione": "verde",
        "score": 1,
        "ciclabile": "si",
        "n_corsie": 4,
        "senso_unico": "no",
        "n_testimonianze": 1,
        "note": "pista ciclabile separata presente"
      }
    },
    {
      "type": "Feature",
      "geometry": null,
      "properties": {
        "id": "SS-ROM-0060",
        "nome": "Ciclabile Testaccio (Via Marmorata/area)",
        "quartiere": "Testaccio",
        "municipio": "I",
        "classificazione": "verde",
        "score": 1,
        "ciclabile": "si",
        "n_corsie": 0,
        "senso_unico": "no",
        "n_testimonianze": 3,
        "note": "pista ciclabile area Testaccio"
      }
    },
    {
      "type": "Feature",
      "geometry": null,
      "properties": {
        "id": "SS-ROM-0061",
        "nome": "Lungotevere ciclabile (tratto Villa Borghese)",
        "quartiere": "Flaminio",
        "municipio": "I",
        "classificazione": "verde",
        "score": 1,
        "ciclabile": "si",
        "n_corsie": 0,
        "senso_unico": "no",
        "n_testimonianze": 2,
        "note": "pista ciclabile separata lungo il Tevere"
      }
    },
    {
      "type": "Feature",
      "geometry": null,
      "properties": {
        "id": "SS-ROM-0060",
        "nome": "Lungotevere ciclabile (tratto Aventino-Ostiense)",
        "quartiere": "Testaccio",
        "municipio": "I",
        "classificazione": "verde",
        "score": 1,
        "ciclabile": "si",
        "n_corsie": 0,
        "senso_unico": "no",
        "n_testimonianze": 4,
        "note": "pista ciclabile separata"
      }
    },
    {
      "type": "Feature",
      "geometry": null,
      "properties": {
        "id": "SS-ROM-0061",
        "nome": "Pista ciclabile Villa Borghese",
        "quartiere": "Flaminio/Parioli",
        "municipio": "I",
        "classificazione": "verde",
        "score": 1,
        "ciclabile": "si",
        "n_corsie": 0,
        "senso_unico": "no",
        "n_testimonianze": 3,
        "note": "percorso ciclabile interno al parco"
      }
    },
    {
      "type": "Feature",
      "geometry": null,
      "properties": {
        "id": "SS-ROM-0062",
        "nome": "Viale delle Terme di Caracalla (ciclabile)",
        "quartiere": "Aventino",
        "municipio": "I",
        "classificazione": "verde",
        "score": 1,
        "ciclabile": "si",
        "n_corsie": 0,
        "senso_unico": "no",
        "n_testimonianze": 2,
        "note": "pista ciclabile present"
      }
    },
    {
      "type": "Feature",
      "geometry": null,
      "properties": {
        "id": "SS-ROM-0063",
        "nome": "Piazza Navona",
        "quartiere": "Centro Storico",
        "municipio": "I",
        "classificazione": "blu",
        "score": 2,
        "ciclabile": "no",
        "n_corsie": 0,
        "senso_unico": "no",
        "n_testimonianze": 3,
        "note": "ZTL pedonale alto flusso turisti"
      }
    },
    {
      "type": "Feature",
      "geometry": null,
      "properties": {
        "id": "SS-ROM-0064",
        "nome": "Campo de' Fiori",
        "quartiere": "Centro Storico",
        "municipio": "I",
        "classificazione": "blu",
        "score": 2,
        "ciclabile": "no",
        "n_corsie": 0,
        "senso_unico": "no",
        "n_testimonianze": 1,
        "note": "ZTL pedonale mercato mattina"
      }
    },
    {
      "type": "Feature",
      "geometry": null,
      "properties": {
        "id": "SS-ROM-0065",
        "nome": "Via del Pantheon",
        "quartiere": "Centro Storico",
        "municipio": "I",
        "classificazione": "blu",
        "score": 2,
        "ciclabile": "no",
        "n_corsie": 1,
        "senso_unico": "si",
        "n_testimonianze": 4,
        "note": "ZTL alto flusso pedonale turistico"
      }
    },
    {
      "type": "Feature",
      "geometry": null,
      "properties": {
        "id": "SS-ROM-0066",
        "nome": "Via della Rotonda",
        "quartiere": "Centro Storico",
        "municipio": "I",
        "classificazione": "blu",
        "score": 2,
        "ciclabile": "no",
        "n_corsie": 1,
        "senso_unico": "si",
        "n_testimonianze": 1,
        "note": "ZTL vicoletto alto flusso pedoni"
      }
    },
    {
      "type": "Feature",
      "geometry": {
        "type": "Point",
        "coordinates": [
          12.4695833,
          41.8909413
        ]
      },
      "properties": {
        "id": "SS-ROM-0067",
        "nome": "Vicolo del Cinque",
        "quartiere": "Trastevere",
        "municipio": "I",
        "classificazione": "blu",
        "score": 2,
        "ciclabile": "no",
        "n_corsie": 1,
        "senso_unico": "si",
        "n_testimonianze": 1,
        "note": "vicoletto ZTL alto flusso pedoni sera"
      }
    },
    {
      "type": "Feature",
      "geometry": null,
      "properties": {
        "id": "SS-ROM-0068",
        "nome": "Piazza di Spagna (vicinanze)",
        "quartiere": "Trevi",
        "municipio": "I",
        "classificazione": "blu",
        "score": 2,
        "ciclabile": "no",
        "n_corsie": 0,
        "senso_unico": "no",
        "n_testimonianze": 5,
        "note": "ZTL flusso pedonale molto alto"
      }
    },
    {
      "type": "Feature",
      "geometry": null,
      "properties": {
        "id": "SS-ROM-0069",
        "nome": "Via Condotti",
        "quartiere": "Trevi",
        "municipio": "I",
        "classificazione": "blu",
        "score": 2,
        "ciclabile": "no",
        "n_corsie": 1,
        "senso_unico": "no",
        "n_testimonianze": 1,
        "note": "ZTL pedonale shopping lusso"
      }
    },
    {
      "type": "Feature",
      "geometry": null,
      "properties": {
        "id": "SS-ROM-0070",
        "nome": "Via della Croce",
        "quartiere": "Trevi",
        "municipio": "I",
        "classificazione": "blu",
        "score": 2,
        "ciclabile": "no",
        "n_corsie": 1,
        "senso_unico": "si",
        "n_testimonianze": 2,
        "note": "ZTL pedonale traffico misto"
      }
    },
    {
      "type": "Feature",
      "geometry": {
        "type": "Point",
        "coordinates": [
          12.479095,
          41.908424
        ]
      },
      "properties": {
        "id": "SS-ROM-0071",
        "nome": "Via del Babuino",
        "quartiere": "Trevi/Flaminio",
        "municipio": "I",
        "classificazione": "blu",
        "score": 2,
        "ciclabile": "no",
        "n_corsie": 1,
        "senso_unico": "si",
        "n_testimonianze": 3,
        "note": "ZTL confermata - segnalazione Nikolai"
      }
    },
    {
      "type": "Feature",
      "geometry": null,
      "properties": {
        "id": "SS-ROM-0072",
        "nome": "Via Margutta",
        "quartiere": "Flaminio",
        "municipio": "I",
        "classificazione": "blu",
        "score": 2,
        "ciclabile": "no",
        "n_corsie": 1,
        "senso_unico": "no",
        "n_testimonianze": 1,
        "note": "strada privata/residenziale quasi pedonale"
      }
    },
    {
      "type": "Feature",
      "geometry": {
        "type": "Point",
        "coordinates": [
          12.47104,
          41.899318
        ]
      },
      "properties": {
        "id": "SS-ROM-0073",
        "nome": "Via della Pace",
        "quartiere": "Centro Storico",
        "municipio": "I",
        "classificazione": "blu",
        "score": 2,
        "ciclabile": "no",
        "n_corsie": 1,
        "senso_unico": "si",
        "n_testimonianze": 2,
        "note": "vicoletto ZTL flusso pedonale"
      }
    },
    {
      "type": "Feature",
      "geometry": {
        "type": "Point",
        "coordinates": [
          12.2704872,
          42.0935528
        ]
      },
      "properties": {
        "id": "SS-ROM-0074",
        "nome": "Via del Governo Vecchio",
        "quartiere": "Centro Storico",
        "municipio": "I",
        "classificazione": "blu",
        "score": 2,
        "ciclabile": "no",
        "n_corsie": 1,
        "senso_unico": "si",
        "n_testimonianze": 4,
        "note": "vicoletto storico pedonale misto"
      }
    },
    {
      "type": "Feature",
      "geometry": null,
      "properties": {
        "id": "SS-ROM-0075",
        "nome": "Vicolo della Moretta",
        "quartiere": "Centro Storico",
        "municipio": "I",
        "classificazione": "blu",
        "score": 2,
        "ciclabile": "no",
        "n_corsie": 1,
        "senso_unico": "si",
        "n_testimonianze": 2,
        "note": "vicoletto ZTL centro"
      }
    },
    {
      "type": "Feature",
      "geometry": null,
      "properties": {
        "id": "SS-ROM-0076",
        "nome": "Via della Stelletta",
        "quartiere": "Centro Storico",
        "municipio": "I",
        "classificazione": "blu",
        "score": 2,
        "ciclabile": "no",
        "n_corsie": 1,
        "senso_unico": "si",
        "n_testimonianze": 2,
        "note": "vicoletto ZTL centro"
      }
    },
    {
      "type": "Feature",
      "geometry": {
        "type": "Point",
        "coordinates": [
          12.471217,
          41.895006
        ]
      },
      "properties": {
        "id": "SS-ROM-0077",
        "nome": "Piazza Farnese",
        "quartiere": "Centro Storico",
        "municipio": "I",
        "classificazione": "blu",
        "score": 2,
        "ciclabile": "no",
        "n_corsie": 0,
        "senso_unico": "no",
        "n_testimonianze": 5,
        "note": "ZTL pedonale quasi completo"
      }
    },
    {
      "type": "Feature",
      "geometry": null,
      "properties": {
        "id": "SS-ROM-0078",
        "nome": "Via Giulia (tratto centrale)",
        "quartiere": "Centro Storico",
        "municipio": "I",
        "classificazione": "blu",
        "score": 2,
        "ciclabile": "no",
        "n_corsie": 1,
        "senso_unico": "no",
        "n_testimonianze": 2,
        "note": "ZTL traffico quasi assente"
      }
    },
    {
      "type": "Feature",
      "geometry": null,
      "properties": {
        "id": "SS-ROM-0079",
        "nome": "Via del Portico d'Ottavia",
        "quartiere": "Ghetto",
        "municipio": "I",
        "classificazione": "blu",
        "score": 2,
        "ciclabile": "no",
        "n_corsie": 1,
        "senso_unico": "no",
        "n_testimonianze": 1,
        "note": "ZTL area ebraica flusso pedonale"
      }
    },
    {
      "type": "Feature",
      "geometry": null,
      "properties": {
        "id": "SS-ROM-0080",
        "nome": "Via Santa Maria in Trastevere",
        "quartiere": "Trastevere",
        "municipio": "I",
        "classificazione": "blu",
        "score": 2,
        "ciclabile": "no",
        "n_corsie": 0,
        "senso_unico": "no",
        "n_testimonianze": 2,
        "note": "ZTL piazza pedonale turistica"
      }
    },
    {
      "type": "Feature",
      "geometry": {
        "type": "Point",
        "coordinates": [
          12.4909935,
          41.923678
        ]
      },
      "properties": {
        "id": "SS-ROM-0083",
        "nome": "Viale Parioli",
        "quartiere": "Parioli",
        "municipio": "II",
        "classificazione": "rosso",
        "score": 4,
        "ciclabile": "si",
        "n_corsie": 4,
        "senso_unico": "no",
        "n_testimonianze": 1,
        "note": "arteria trafficata 4 corsie con tratto ciclabile parziale"
      }
    },
    {
      "type": "Feature",
      "geometry": {
        "type": "Point",
        "coordinates": [
          12.4935545,
          41.9220907
        ]
      },
      "properties": {
        "id": "SS-ROM-0084",
        "nome": "Viale Liegi",
        "quartiere": "Parioli",
        "municipio": "II",
        "classificazione": "rosso",
        "score": 4,
        "ciclabile": "no",
        "n_corsie": 4,
        "senso_unico": "no",
        "n_testimonianze": 1,
        "note": "arteria trafficata 4 corsie nessuna ciclabile"
      }
    },
    {
      "type": "Feature",
      "geometry": null,
      "properties": {
        "id": "SS-ROM-0085",
        "nome": "Viale Gorizia",
        "quartiere": "Parioli",
        "municipio": "II",
        "classificazione": "rosso",
        "score": 4,
        "ciclabile": "no",
        "n_corsie": 4,
        "senso_unico": "no",
        "n_testimonianze": 1,
        "note": "arteria trafficata nessuna ciclabile"
      }
    },
    {
      "type": "Feature",
      "geometry": null,
      "properties": {
        "id": "SS-ROM-0086",
        "nome": "Viale Eritrea",
        "quartiere": "Parioli",
        "municipio": "II",
        "classificazione": "rosso",
        "score": 4,
        "ciclabile": "no",
        "n_corsie": 4,
        "senso_unico": "no",
        "n_testimonianze": 1,
        "note": "arteria trafficata 4 corsie nessuna ciclabile"
      }
    },
    {
      "type": "Feature",
      "geometry": null,
      "properties": {
        "id": "SS-ROM-0087",
        "nome": "Via Salaria (tratto urbano)",
        "quartiere": "Salario",
        "municipio": "II",
        "classificazione": "rosso",
        "score": 4,
        "ciclabile": "no",
        "n_corsie": 4,
        "senso_unico": "no",
        "n_testimonianze": 1,
        "note": "arteria radiale trafficata nessuna ciclabile"
      }
    },
    {
      "type": "Feature",
      "geometry": {
        "type": "Point",
        "coordinates": [
          12.4726811,
          41.9189255
        ]
      },
      "properties": {
        "id": "SS-ROM-0088",
        "nome": "Viale delle Belle Arti",
        "quartiere": "Flaminio",
        "municipio": "II",
        "classificazione": "verde-giallo",
        "score": 2,
        "ciclabile": "si",
        "n_corsie": 4,
        "senso_unico": "no",
        "n_testimonianze": 1,
        "note": "ciclabile presente sul marciapiede ma inadeguata"
      }
    },
    {
      "type": "Feature",
      "geometry": {
        "type": "Point",
        "coordinates": [
          12.4612496,
          41.9268112
        ]
      },
      "properties": {
        "id": "SS-ROM-0089",
        "nome": "Lungotevere Flaminio",
        "quartiere": "Flaminio",
        "municipio": "II",
        "classificazione": "verde-giallo",
        "score": 2,
        "ciclabile": "si",
        "n_corsie": 4,
        "senso_unico": "no",
        "n_testimonianze": 1,
        "note": "ciclabile sul marciapiede inadeguata e discontinua"
      }
    },
    {
      "type": "Feature",
      "geometry": {
        "type": "Point",
        "coordinates": [
          12.4725543,
          41.9124605
        ]
      },
      "properties": {
        "id": "SS-ROM-0090",
        "nome": "Lungotevere Arnaldo da Brescia",
        "quartiere": "Flaminio",
        "municipio": "II",
        "classificazione": "nero",
        "score": 5,
        "ciclabile": "no",
        "n_corsie": 4,
        "senso_unico": "no",
        "n_testimonianze": 1,
        "note": "4 corsie veloci nessuna protezione"
      }
    },
    {
      "type": "Feature",
      "geometry": null,
      "properties": {
        "id": "SS-ROM-0091",
        "nome": "Lungotevere Maresciallo Diaz",
        "quartiere": "Prati/Flaminio",
        "municipio": "II",
        "classificazione": "nero",
        "score": 5,
        "ciclabile": "no",
        "n_corsie": 4,
        "senso_unico": "no",
        "n_testimonianze": 1,
        "note": "4 corsie veloci nessuna protezione"
      }
    },
    {
      "type": "Feature",
      "geometry": null,
      "properties": {
        "id": "SS-ROM-0092",
        "nome": "Via Flaminia (tratto urbano)",
        "quartiere": "Flaminio",
        "municipio": "II",
        "classificazione": "rosso",
        "score": 4,
        "ciclabile": "no",
        "n_corsie": 4,
        "senso_unico": "no",
        "n_testimonianze": 1,
        "note": "arteria radiale trafficata nessuna ciclabile"
      }
    },
    {
      "type": "Feature",
      "geometry": null,
      "properties": {
        "id": "SS-ROM-0093",
        "nome": "Viale Tiziano",
        "quartiere": "Flaminio",
        "municipio": "II",
        "classificazione": "rosso",
        "score": 4,
        "ciclabile": "no",
        "n_corsie": 4,
        "senso_unico": "no",
        "n_testimonianze": 2,
        "note": "arteria sportiva trafficata nessuna ciclabile - confermato @metaiyo"
      }
    },
    {
      "type": "Feature",
      "geometry": {
        "type": "Point",
        "coordinates": [
          12.4743841,
          41.9269342
        ]
      },
      "properties": {
        "id": "SS-ROM-0094",
        "nome": "Viale Maresciallo Pilsudski",
        "quartiere": "Parioli",
        "municipio": "II",
        "classificazione": "rosso",
        "score": 4,
        "ciclabile": "no",
        "n_corsie": 4,
        "senso_unico": "no",
        "n_testimonianze": 1,
        "note": "arteria trafficata nessuna ciclabile"
      }
    },
    {
      "type": "Feature",
      "geometry": {
        "type": "Point",
        "coordinates": [
          12.4990181,
          41.9173089
        ]
      },
      "properties": {
        "id": "SS-ROM-0095",
        "nome": "Via Po",
        "quartiere": "Salario",
        "municipio": "II",
        "classificazione": "rosso",
        "score": 4,
        "ciclabile": "no",
        "n_corsie": 2,
        "senso_unico": "no",
        "n_testimonianze": 1,
        "note": "trafficata 2 corsie nessuna ciclabile"
      }
    },
    {
      "type": "Feature",
      "geometry": null,
      "properties": {
        "id": "SS-ROM-0096",
        "nome": "Via Tagliamento",
        "quartiere": "Salario",
        "municipio": "II",
        "classificazione": "rosso",
        "score": 4,
        "ciclabile": "no",
        "n_corsie": 2,
        "senso_unico": "no",
        "n_testimonianze": 1,
        "note": "trafficata 2 corsie nessuna ciclabile"
      }
    },
    {
      "type": "Feature",
      "geometry": null,
      "properties": {
        "id": "SS-ROM-0097",
        "nome": "Via Nomentana (tratto Mun II)",
        "quartiere": "Nomentano",
        "municipio": "II",
        "classificazione": "rosso",
        "score": 4,
        "ciclabile": "no",
        "n_corsie": 4,
        "senso_unico": "no",
        "n_testimonianze": 1,
        "note": "arteria radiale trafficata"
      }
    },
    {
      "type": "Feature",
      "geometry": {
        "type": "Point",
        "coordinates": [
          12.5057681,
          41.9179312
        ]
      },
      "properties": {
        "id": "SS-ROM-0098",
        "nome": "Corso Trieste",
        "quartiere": "Trieste",
        "municipio": "II",
        "classificazione": "rosso",
        "score": 4,
        "ciclabile": "no",
        "n_corsie": 4,
        "senso_unico": "no",
        "n_testimonianze": 1,
        "note": "arteria trafficata 4 corsie nessuna ciclabile"
      }
    },
    {
      "type": "Feature",
      "geometry": null,
      "properties": {
        "id": "SS-ROM-0099",
        "nome": "Via Tevere",
        "quartiere": "Salario",
        "municipio": "II",
        "classificazione": "giallo",
        "score": 3,
        "ciclabile": "no",
        "n_corsie": 2,
        "senso_unico": "no",
        "n_testimonianze": 1,
        "note": "strada urbana 2 corsie traffico contenuto"
      }
    },
    {
      "type": "Feature",
      "geometry": null,
      "properties": {
        "id": "SS-ROM-0100",
        "nome": "Via Brenta",
        "quartiere": "Salario",
        "municipio": "II",
        "classificazione": "giallo",
        "score": 3,
        "ciclabile": "no",
        "n_corsie": 2,
        "senso_unico": "no",
        "n_testimonianze": 1,
        "note": "strada urbana traffico contenuto"
      }
    },
    {
      "type": "Feature",
      "geometry": null,
      "properties": {
        "id": "SS-ROM-0101",
        "nome": "Via Adige",
        "quartiere": "Salario",
        "municipio": "II",
        "classificazione": "giallo",
        "score": 3,
        "ciclabile": "no",
        "n_corsie": 1,
        "senso_unico": "si",
        "n_testimonianze": 1,
        "note": "strada urbana senso unico traffico contenuto"
      }
    },
    {
      "type": "Feature",
      "geometry": {
        "type": "Point",
        "coordinates": [
          12.5101192,
          41.9810863
        ]
      },
      "properties": {
        "id": "SS-ROM-0102",
        "nome": "Via Arno",
        "quartiere": "Salario",
        "municipio": "II",
        "classificazione": "giallo",
        "score": 3,
        "ciclabile": "no",
        "n_corsie": 1,
        "senso_unico": "si",
        "n_testimonianze": 1,
        "note": "senso unico residenziale traffico contenuto"
      }
    },
    {
      "type": "Feature",
      "geometry": null,
      "properties": {
        "id": "SS-ROM-0103",
        "nome": "Via Sebino",
        "quartiere": "Salario",
        "municipio": "II",
        "classificazione": "giallo",
        "score": 3,
        "ciclabile": "no",
        "n_corsie": 1,
        "senso_unico": "si",
        "n_testimonianze": 1,
        "note": "senso unico residenziale"
      }
    },
    {
      "type": "Feature",
      "geometry": null,
      "properties": {
        "id": "SS-ROM-0104",
        "nome": "Via Lario",
        "quartiere": "Salario",
        "municipio": "II",
        "classificazione": "giallo",
        "score": 3,
        "ciclabile": "no",
        "n_corsie": 1,
        "senso_unico": "si",
        "n_testimonianze": 1,
        "note": "senso unico residenziale"
      }
    },
    {
      "type": "Feature",
      "geometry": null,
      "properties": {
        "id": "SS-ROM-0105",
        "nome": "Via Dora",
        "quartiere": "Salario",
        "municipio": "II",
        "classificazione": "giallo",
        "score": 3,
        "ciclabile": "no",
        "n_corsie": 1,
        "senso_unico": "si",
        "n_testimonianze": 1,
        "note": "senso unico residenziale traffico contenuto"
      }
    },
    {
      "type": "Feature",
      "geometry": null,
      "properties": {
        "id": "SS-ROM-0106",
        "nome": "Via Rubicone",
        "quartiere": "Salario",
        "municipio": "II",
        "classificazione": "giallo",
        "score": 3,
        "ciclabile": "no",
        "n_corsie": 1,
        "senso_unico": "si",
        "n_testimonianze": 1,
        "note": "senso unico residenziale"
      }
    },
    {
      "type": "Feature",
      "geometry": null,
      "properties": {
        "id": "SS-ROM-0107",
        "nome": "Via Isonzo",
        "quartiere": "Salario",
        "municipio": "II",
        "classificazione": "giallo",
        "score": 3,
        "ciclabile": "no",
        "n_corsie": 2,
        "senso_unico": "no",
        "n_testimonianze": 1,
        "note": "strada urbana traffico contenuto"
      }
    },
    {
      "type": "Feature",
      "geometry": null,
      "properties": {
        "id": "SS-ROM-0108",
        "nome": "Via Piave",
        "quartiere": "Salario",
        "municipio": "II",
        "classificazione": "giallo",
        "score": 3,
        "ciclabile": "no",
        "n_corsie": 2,
        "senso_unico": "no",
        "n_testimonianze": 1,
        "note": "strada urbana traffico medio"
      }
    },
    {
      "type": "Feature",
      "geometry": {
        "type": "Point",
        "coordinates": [
          12.4928458,
          41.9244482
        ]
      },
      "properties": {
        "id": "SS-ROM-0109",
        "nome": "Viale Romania",
        "quartiere": "Parioli",
        "municipio": "II",
        "classificazione": "giallo",
        "score": 3,
        "ciclabile": "no",
        "n_corsie": 2,
        "senso_unico": "no",
        "n_testimonianze": 1,
        "note": "viale residenziale traffico contenuto"
      }
    },
    {
      "type": "Feature",
      "geometry": null,
      "properties": {
        "id": "SS-ROM-0110",
        "nome": "Viale Pola",
        "quartiere": "Parioli",
        "municipio": "II",
        "classificazione": "giallo",
        "score": 3,
        "ciclabile": "no",
        "n_corsie": 1,
        "senso_unico": "si",
        "n_testimonianze": 1,
        "note": "viale residenziale senso unico"
      }
    },
    {
      "type": "Feature",
      "geometry": {
        "type": "Point",
        "coordinates": [
          12.4925996,
          41.9176452
        ]
      },
      "properties": {
        "id": "SS-ROM-0111",
        "nome": "Via Mercadante",
        "quartiere": "Parioli",
        "municipio": "II",
        "classificazione": "giallo",
        "score": 3,
        "ciclabile": "no",
        "n_corsie": 1,
        "senso_unico": "si",
        "n_testimonianze": 1,
        "note": "senso unico residenziale Parioli"
      }
    },
    {
      "type": "Feature",
      "geometry": {
        "type": "Point",
        "coordinates": [
          12.4940583,
          41.9162729
        ]
      },
      "properties": {
        "id": "SS-ROM-0112",
        "nome": "Via Paisiello",
        "quartiere": "Parioli",
        "municipio": "II",
        "classificazione": "giallo",
        "score": 3,
        "ciclabile": "no",
        "n_corsie": 1,
        "senso_unico": "si",
        "n_testimonianze": 1,
        "note": "senso unico residenziale Parioli"
      }
    },
    {
      "type": "Feature",
      "geometry": {
        "type": "Point",
        "coordinates": [
          12.4940002,
          41.9184068
        ]
      },
      "properties": {
        "id": "SS-ROM-0113",
        "nome": "Via Spontini",
        "quartiere": "Parioli",
        "municipio": "II",
        "classificazione": "giallo",
        "score": 3,
        "ciclabile": "no",
        "n_corsie": 1,
        "senso_unico": "si",
        "n_testimonianze": 1,
        "note": "senso unico residenziale Parioli"
      }
    },
    {
      "type": "Feature",
      "geometry": {
        "type": "Point",
        "coordinates": [
          12.496559,
          41.9210028
        ]
      },
      "properties": {
        "id": "SS-ROM-0114",
        "nome": "Via Bellini",
        "quartiere": "Parioli",
        "municipio": "II",
        "classificazione": "giallo",
        "score": 3,
        "ciclabile": "no",
        "n_corsie": 1,
        "senso_unico": "si",
        "n_testimonianze": 1,
        "note": "senso unico residenziale Parioli"
      }
    },
    {
      "type": "Feature",
      "geometry": {
        "type": "Point",
        "coordinates": [
          12.4949801,
          41.9170616
        ]
      },
      "properties": {
        "id": "SS-ROM-0115",
        "nome": "Via Donizetti",
        "quartiere": "Parioli",
        "municipio": "II",
        "classificazione": "giallo",
        "score": 3,
        "ciclabile": "no",
        "n_corsie": 1,
        "senso_unico": "si",
        "n_testimonianze": 1,
        "note": "senso unico residenziale Parioli"
      }
    },
    {
      "type": "Feature",
      "geometry": {
        "type": "Point",
        "coordinates": [
          12.474668,
          41.911302
        ]
      },
      "properties": {
        "id": "SS-ROM-0116",
        "nome": "Via Giuseppe Pisanelli",
        "quartiere": "Parioli",
        "municipio": "II",
        "classificazione": "rosso",
        "score": 4,
        "ciclabile": "no",
        "n_corsie": 2,
        "senso_unico": "no",
        "n_testimonianze": 2,
        "note": "strada tranquilla residenziale. Ricolorato da giallo a rosso in base a 1 segnalazioni reali (ultima: 2026-06-16T14:46)."
      }
    },
    {
      "type": "Feature",
      "geometry": null,
      "properties": {
        "id": "SS-ROM-0117",
        "nome": "Via Antonio Bosio",
        "quartiere": "Parioli",
        "municipio": "II",
        "classificazione": "giallo",
        "score": 3,
        "ciclabile": "no",
        "n_corsie": 1,
        "senso_unico": "si",
        "n_testimonianze": 1,
        "note": "senso unico residenziale"
      }
    },
    {
      "type": "Feature",
      "geometry": {
        "type": "Point",
        "coordinates": [
          12.5003106,
          41.9238363
        ]
      },
      "properties": {
        "id": "SS-ROM-0118",
        "nome": "Via Panama",
        "quartiere": "Parioli",
        "municipio": "II",
        "classificazione": "giallo",
        "score": 3,
        "ciclabile": "no",
        "n_corsie": 2,
        "senso_unico": "no",
        "n_testimonianze": 1,
        "note": "strada residenziale traffico contenuto"
      }
    },
    {
      "type": "Feature",
      "geometry": null,
      "properties": {
        "id": "SS-ROM-0119",
        "nome": "Via Prati Fiscali",
        "quartiere": "Trionfale",
        "municipio": "II",
        "classificazione": "giallo",
        "score": 3,
        "ciclabile": "no",
        "n_corsie": 2,
        "senso_unico": "no",
        "n_testimonianze": 1,
        "note": "strada urbana traffico contenuto"
      }
    },
    {
      "type": "Feature",
      "geometry": null,
      "properties": {
        "id": "SS-ROM-0120",
        "nome": "Via dei Campi Sportivi",
        "quartiere": "Flaminio",
        "municipio": "II",
        "classificazione": "giallo",
        "score": 3,
        "ciclabile": "no",
        "n_corsie": 2,
        "senso_unico": "no",
        "n_testimonianze": 1,
        "note": "strada secondaria area sportiva"
      }
    },
    {
      "type": "Feature",
      "geometry": {
        "type": "Point",
        "coordinates": [
          12.4663583,
          41.9279085
        ]
      },
      "properties": {
        "id": "SS-ROM-0121",
        "nome": "Via Reni",
        "quartiere": "Flaminio",
        "municipio": "II",
        "classificazione": "giallo",
        "score": 3,
        "ciclabile": "no",
        "n_corsie": 1,
        "senso_unico": "si",
        "n_testimonianze": 1,
        "note": "senso unico area Flaminio"
      }
    },
    {
      "type": "Feature",
      "geometry": {
        "type": "Point",
        "coordinates": [
          12.4669008,
          41.9297651
        ]
      },
      "properties": {
        "id": "SS-ROM-0122",
        "nome": "Via Masaccio",
        "quartiere": "Flaminio",
        "municipio": "II",
        "classificazione": "giallo",
        "score": 3,
        "ciclabile": "no",
        "n_corsie": 1,
        "senso_unico": "si",
        "n_testimonianze": 1,
        "note": "senso unico residenziale Flaminio"
      }
    },
    {
      "type": "Feature",
      "geometry": null,
      "properties": {
        "id": "SS-ROM-0123",
        "nome": "Villa Borghese (percorsi interni)",
        "quartiere": "Flaminio/Parioli",
        "municipio": "II",
        "classificazione": "verde-blu",
        "score": 1,
        "ciclabile": "si",
        "n_corsie": 0,
        "senso_unico": "no",
        "n_testimonianze": 2,
        "note": "bike friendly ma alto flusso pedonale"
      }
    },
    {
      "type": "Feature",
      "geometry": null,
      "properties": {
        "id": "SS-ROM-0124",
        "nome": "Villa Ada (percorsi interni)",
        "quartiere": "Salario",
        "municipio": "II",
        "classificazione": "verde-blu",
        "score": 1,
        "ciclabile": "si",
        "n_corsie": 0,
        "senso_unico": "no",
        "n_testimonianze": 2,
        "note": "bike friendly ma alto flusso pedonale nei weekend"
      }
    },
    {
      "type": "Feature",
      "geometry": null,
      "properties": {
        "id": "SS-ROM-0125",
        "nome": "Parco della Rimembranza",
        "quartiere": "Flaminio",
        "municipio": "II",
        "classificazione": "verde-blu",
        "score": 2,
        "ciclabile": "si",
        "n_corsie": 0,
        "senso_unico": "no",
        "n_testimonianze": 1,
        "note": "area verde bike friendly con pedoni"
      }
    },
    {
      "type": "Feature",
      "geometry": null,
      "properties": {
        "id": "SS-ROM-0126",
        "nome": "Ciclabile Lungotevere Villa Borghese",
        "quartiere": "Flaminio",
        "municipio": "II",
        "classificazione": "verde",
        "score": 1,
        "ciclabile": "si",
        "n_corsie": 0,
        "senso_unico": "no",
        "n_testimonianze": 2,
        "note": "pista ciclabile separata lungo il Tevere"
      }
    },
    {
      "type": "Feature",
      "geometry": null,
      "properties": {
        "id": "SS-ROM-0127",
        "nome": "Via del Vignola",
        "quartiere": "Flaminio",
        "municipio": "II",
        "classificazione": "giallo",
        "score": 3,
        "ciclabile": "no",
        "n_corsie": 1,
        "senso_unico": "si",
        "n_testimonianze": 2,
        "note": "senso unico tranquillo area Flaminio"
      }
    },
    {
      "type": "Feature",
      "geometry": {
        "type": "Point",
        "coordinates": [
          12.4924596,
          41.9224661
        ]
      },
      "properties": {
        "id": "SS-ROM-0128",
        "nome": "Piazza Ungheria",
        "quartiere": "Parioli",
        "municipio": "II",
        "classificazione": "blu",
        "score": 2,
        "ciclabile": "no",
        "n_corsie": 0,
        "senso_unico": "no",
        "n_testimonianze": 1,
        "note": "piazza ZTL bassa velocità alto flusso pedoni"
      }
    },
    {
      "type": "Feature",
      "geometry": {
        "type": "Point",
        "coordinates": [
          12.4807215,
          41.9269867
        ]
      },
      "properties": {
        "id": "SS-ROM-0129",
        "nome": "Piazza Euclide",
        "quartiere": "Parioli",
        "municipio": "II",
        "classificazione": "blu",
        "score": 2,
        "ciclabile": "no",
        "n_corsie": 0,
        "senso_unico": "no",
        "n_testimonianze": 1,
        "note": "piazza ZTL bassa velocità"
      }
    },
    {
      "type": "Feature",
      "geometry": {
        "type": "Point",
        "coordinates": [
          12.4846814,
          41.9240073
        ]
      },
      "properties": {
        "id": "SS-ROM-0130",
        "nome": "Via Antonelli",
        "quartiere": "Parioli",
        "municipio": "II",
        "classificazione": "giallo",
        "score": 3,
        "ciclabile": "no",
        "n_corsie": 1,
        "senso_unico": "si",
        "n_testimonianze": 1,
        "note": "senso unico residenziale"
      }
    },
    {
      "type": "Feature",
      "geometry": {
        "type": "Point",
        "coordinates": [
          12.4822574,
          41.9192979
        ]
      },
      "properties": {
        "id": "SS-ROM-0131",
        "nome": "Via Mangili",
        "quartiere": "Parioli",
        "municipio": "II",
        "classificazione": "giallo",
        "score": 3,
        "ciclabile": "no",
        "n_corsie": 1,
        "senso_unico": "si",
        "n_testimonianze": 1,
        "note": "senso unico residenziale Parioli"
      }
    },
    {
      "type": "Feature",
      "geometry": {
        "type": "Point",
        "coordinates": [
          12.4794168,
          41.9199389
        ]
      },
      "properties": {
        "id": "SS-ROM-0132",
        "nome": "Viale Bruno Buozzi",
        "quartiere": "Parioli",
        "municipio": "II",
        "classificazione": "rosso",
        "score": 4,
        "ciclabile": "no",
        "n_corsie": 4,
        "senso_unico": "no",
        "n_testimonianze": 3,
        "note": "arteria trafficata 4 corsie nessuna ciclabile"
      }
    },
    {
      "type": "Feature",
      "geometry": null,
      "properties": {
        "id": "SS-ROM-0133",
        "nome": "Via Lima",
        "quartiere": "Trieste",
        "municipio": "II",
        "classificazione": "giallo",
        "score": 3,
        "ciclabile": "no",
        "n_corsie": 2,
        "senso_unico": "no",
        "n_testimonianze": 1,
        "note": "strada urbana traffico contenuto"
      }
    },
    {
      "type": "Feature",
      "geometry": null,
      "properties": {
        "id": "SS-ROM-0134",
        "nome": "Via Reggio Calabria",
        "quartiere": "Trieste",
        "municipio": "II",
        "classificazione": "giallo",
        "score": 3,
        "ciclabile": "no",
        "n_corsie": 1,
        "senso_unico": "si",
        "n_testimonianze": 1,
        "note": "senso unico residenziale"
      }
    },
    {
      "type": "Feature",
      "geometry": {
        "type": "Point",
        "coordinates": [
          12.506719,
          41.9145526
        ]
      },
      "properties": {
        "id": "SS-ROM-0135",
        "nome": "Via Alessandria",
        "quartiere": "Trieste",
        "municipio": "II",
        "classificazione": "rosso",
        "score": 4,
        "ciclabile": "no",
        "n_corsie": 2,
        "senso_unico": "no",
        "n_testimonianze": 1,
        "note": "trafficata 2 corsie nessuna ciclabile"
      }
    },
    {
      "type": "Feature",
      "geometry": {
        "type": "Point",
        "coordinates": [
          12.502426,
          41.9163995
        ]
      },
      "properties": {
        "id": "SS-ROM-0136",
        "nome": "Viale Regina Margherita",
        "quartiere": "Trieste",
        "municipio": "II",
        "classificazione": "rosso",
        "score": 4,
        "ciclabile": "no",
        "n_corsie": 4,
        "senso_unico": "no",
        "n_testimonianze": 1,
        "note": "arteria trafficata 4 corsie nessuna ciclabile"
      }
    },
    {
      "type": "Feature",
      "geometry": {
        "type": "Point",
        "coordinates": [
          12.542853,
          41.94369
        ]
      },
      "properties": {
        "id": "SS-ROM-0137",
        "nome": "Viale Jonio",
        "quartiere": "Montesacro",
        "municipio": "III",
        "classificazione": "rosso",
        "score": 4,
        "ciclabile": "si",
        "n_corsie": 4,
        "senso_unico": "no",
        "n_testimonianze": 4,
        "note": "ciclabile presente - aggiornamento segnalazione. Ricolorato da verde a rosso in base a 2 segnalazioni reali (ultima: 2026-06-19T12:56)."
      }
    },
    {
      "type": "Feature",
      "geometry": null,
      "properties": {
        "id": "SS-ROM-0138",
        "nome": "Via Nomentana (tratto con ciclabile)",
        "quartiere": "Montesacro",
        "municipio": "III",
        "classificazione": "verde",
        "score": 1,
        "ciclabile": "si",
        "n_corsie": 4,
        "senso_unico": "no",
        "n_testimonianze": 2,
        "note": "ciclabile presente su tratto specifico"
      }
    },
    {
      "type": "Feature",
      "geometry": null,
      "properties": {
        "id": "SS-ROM-0139",
        "nome": "Via Nomentana (tratto senza ciclabile)",
        "quartiere": "Tufello/Val Melaina",
        "municipio": "III",
        "classificazione": "rosso",
        "score": 4,
        "ciclabile": "no",
        "n_corsie": 4,
        "senso_unico": "no",
        "n_testimonianze": 1,
        "note": "arteria trafficata tratto senza ciclabile"
      }
    },
    {
      "type": "Feature",
      "geometry": null,
      "properties": {
        "id": "SS-ROM-0140",
        "nome": "Via Salaria (tratto Mun III)",
        "quartiere": "Fidene",
        "municipio": "III",
        "classificazione": "rosso",
        "score": 4,
        "ciclabile": "no",
        "n_corsie": 4,
        "senso_unico": "no",
        "n_testimonianze": 2,
        "note": "arteria radiale trafficata nessuna ciclabile"
      }
    },
    {
      "type": "Feature",
      "geometry": {
        "type": "Point",
        "coordinates": [
          12.522283,
          41.946094
        ]
      },
      "properties": {
        "id": "SS-ROM-0141",
        "nome": "Via dei Prati Fiscali",
        "quartiere": "Tufello",
        "municipio": "III",
        "classificazione": "verde",
        "score": 1,
        "ciclabile": "si",
        "n_corsie": 2,
        "senso_unico": "no",
        "n_testimonianze": 5,
        "note": "pista ciclabile presente"
      }
    },
    {
      "type": "Feature",
      "geometry": null,
      "properties": {
        "id": "SS-ROM-0142",
        "nome": "Via Ugo Ojetti",
        "quartiere": "Montesacro",
        "municipio": "III",
        "classificazione": "rosso",
        "score": 4,
        "ciclabile": "no",
        "n_corsie": 2,
        "senso_unico": "no",
        "n_testimonianze": 2,
        "note": "2 corsie trafficata nessuna ciclabile"
      }
    },
    {
      "type": "Feature",
      "geometry": {
        "type": "Point",
        "coordinates": [
          12.5295056,
          41.9559318
        ]
      },
      "properties": {
        "id": "SS-ROM-0143",
        "nome": "Via Val Melaina",
        "quartiere": "Val Melaina",
        "municipio": "III",
        "classificazione": "rosso",
        "score": 4,
        "ciclabile": "no",
        "n_corsie": 4,
        "senso_unico": "no",
        "n_testimonianze": 1,
        "note": "arteria trafficata nessuna ciclabile"
      }
    },
    {
      "type": "Feature",
      "geometry": null,
      "properties": {
        "id": "SS-ROM-0144",
        "nome": "Via Capraia",
        "quartiere": "Tufello",
        "municipio": "III",
        "classificazione": "giallo",
        "score": 3,
        "ciclabile": "no",
        "n_corsie": 2,
        "senso_unico": "no",
        "n_testimonianze": 1,
        "note": "strada residenziale traffico contenuto"
      }
    },
    {
      "type": "Feature",
      "geometry": null,
      "properties": {
        "id": "SS-ROM-0145",
        "nome": "Via Grotte di Gregna",
        "quartiere": "Val Melaina",
        "municipio": "III",
        "classificazione": "giallo",
        "score": 3,
        "ciclabile": "no",
        "n_corsie": 1,
        "senso_unico": "si",
        "n_testimonianze": 1,
        "note": "strada residenziale senso unico"
      }
    },
    {
      "type": "Feature",
      "geometry": null,
      "properties": {
        "id": "SS-ROM-0146",
        "nome": "Via Amatrice",
        "quartiere": "Tufello",
        "municipio": "III",
        "classificazione": "giallo",
        "score": 3,
        "ciclabile": "no",
        "n_corsie": 1,
        "senso_unico": "si",
        "n_testimonianze": 1,
        "note": "senso unico residenziale"
      }
    },
    {
      "type": "Feature",
      "geometry": null,
      "properties": {
        "id": "SS-ROM-0147",
        "nome": "Via Contigliano",
        "quartiere": "Tufello",
        "municipio": "III",
        "classificazione": "giallo",
        "score": 3,
        "ciclabile": "no",
        "n_corsie": 1,
        "senso_unico": "si",
        "n_testimonianze": 1,
        "note": "senso unico residenziale traffico contenuto"
      }
    },
    {
      "type": "Feature",
      "geometry": null,
      "properties": {
        "id": "SS-ROM-0148",
        "nome": "Via Monterotondo",
        "quartiere": "Montesacro",
        "municipio": "III",
        "classificazione": "giallo",
        "score": 3,
        "ciclabile": "no",
        "n_corsie": 2,
        "senso_unico": "no",
        "n_testimonianze": 1,
        "note": "strada urbana traffico contenuto"
      }
    },
    {
      "type": "Feature",
      "geometry": null,
      "properties": {
        "id": "SS-ROM-0149",
        "nome": "Via Passo Corese",
        "quartiere": "Montesacro",
        "municipio": "III",
        "classificazione": "giallo",
        "score": 3,
        "ciclabile": "no",
        "n_corsie": 1,
        "senso_unico": "si",
        "n_testimonianze": 1,
        "note": "senso unico residenziale"
      }
    },
    {
      "type": "Feature",
      "geometry": null,
      "properties": {
        "id": "SS-ROM-0150",
        "nome": "Via Monte Cervialto",
        "quartiere": "Montesacro",
        "municipio": "III",
        "classificazione": "verde",
        "score": 1,
        "ciclabile": "no",
        "n_corsie": 2,
        "senso_unico": "no",
        "n_testimonianze": 2,
        "note": "strada residenziale tranquilla traffico locale scarso - aggiornamento anonimo"
      }
    },
    {
      "type": "Feature",
      "geometry": null,
      "properties": {
        "id": "SS-ROM-0151",
        "nome": "Via Monte Giberto",
        "quartiere": "Montesacro",
        "municipio": "III",
        "classificazione": "rosso",
        "score": 4,
        "ciclabile": "no",
        "n_corsie": 2,
        "senso_unico": "no",
        "n_testimonianze": 2,
        "note": "trafficata nessuna ciclabile - aggiornamento"
      }
    },
    {
      "type": "Feature",
      "geometry": null,
      "properties": {
        "id": "SS-ROM-0152",
        "nome": "Via Monte Ruggero",
        "quartiere": "Montesacro",
        "municipio": "III",
        "classificazione": "giallo",
        "score": 3,
        "ciclabile": "no",
        "n_corsie": 1,
        "senso_unico": "si",
        "n_testimonianze": 1,
        "note": "senso unico residenziale"
      }
    },
    {
      "type": "Feature",
      "geometry": null,
      "properties": {
        "id": "SS-ROM-0153",
        "nome": "Via Monte Cervino",
        "quartiere": "Montesacro",
        "municipio": "III",
        "classificazione": "giallo",
        "score": 3,
        "ciclabile": "no",
        "n_corsie": 2,
        "senso_unico": "no",
        "n_testimonianze": 1,
        "note": "strada residenziale traffico contenuto"
      }
    },
    {
      "type": "Feature",
      "geometry": null,
      "properties": {
        "id": "SS-ROM-0154",
        "nome": "Via Monte Velino",
        "quartiere": "Montesacro",
        "municipio": "III",
        "classificazione": "giallo",
        "score": 3,
        "ciclabile": "no",
        "n_corsie": 1,
        "senso_unico": "si",
        "n_testimonianze": 1,
        "note": "senso unico residenziale"
      }
    },
    {
      "type": "Feature",
      "geometry": null,
      "properties": {
        "id": "SS-ROM-0155",
        "nome": "Via Arseoli",
        "quartiere": "Montesacro",
        "municipio": "III",
        "classificazione": "giallo",
        "score": 3,
        "ciclabile": "no",
        "n_corsie": 1,
        "senso_unico": "si",
        "n_testimonianze": 1,
        "note": "senso unico residenziale"
      }
    },
    {
      "type": "Feature",
      "geometry": null,
      "properties": {
        "id": "SS-ROM-0156",
        "nome": "Via Cures Sabini",
        "quartiere": "Montesacro",
        "municipio": "III",
        "classificazione": "giallo",
        "score": 3,
        "ciclabile": "no",
        "n_corsie": 1,
        "senso_unico": "si",
        "n_testimonianze": 1,
        "note": "senso unico residenziale"
      }
    },
    {
      "type": "Feature",
      "geometry": null,
      "properties": {
        "id": "SS-ROM-0157",
        "nome": "Via Cantalupo Sabino",
        "quartiere": "Montesacro",
        "municipio": "III",
        "classificazione": "giallo",
        "score": 3,
        "ciclabile": "no",
        "n_corsie": 1,
        "senso_unico": "si",
        "n_testimonianze": 1,
        "note": "senso unico residenziale"
      }
    },
    {
      "type": "Feature",
      "geometry": null,
      "properties": {
        "id": "SS-ROM-0158",
        "nome": "Via Farfa",
        "quartiere": "Montesacro",
        "municipio": "III",
        "classificazione": "giallo",
        "score": 3,
        "ciclabile": "no",
        "n_corsie": 2,
        "senso_unico": "no",
        "n_testimonianze": 1,
        "note": "strada residenziale tranquilla"
      }
    },
    {
      "type": "Feature",
      "geometry": null,
      "properties": {
        "id": "SS-ROM-0159",
        "nome": "Via Poggio Mirteto",
        "quartiere": "Montesacro",
        "municipio": "III",
        "classificazione": "giallo",
        "score": 3,
        "ciclabile": "no",
        "n_corsie": 1,
        "senso_unico": "si",
        "n_testimonianze": 1,
        "note": "senso unico residenziale"
      }
    },
    {
      "type": "Feature",
      "geometry": null,
      "properties": {
        "id": "SS-ROM-0160",
        "nome": "Via Leonzio Pilato",
        "quartiere": "Montesacro",
        "municipio": "III",
        "classificazione": "giallo",
        "score": 3,
        "ciclabile": "no",
        "n_corsie": 1,
        "senso_unico": "si",
        "n_testimonianze": 1,
        "note": "senso unico residenziale"
      }
    },
    {
      "type": "Feature",
      "geometry": null,
      "properties": {
        "id": "SS-ROM-0161",
        "nome": "Via Conca d'Oro",
        "quartiere": "Tufello",
        "municipio": "III",
        "classificazione": "rosso",
        "score": 4,
        "ciclabile": "no",
        "n_corsie": 2,
        "senso_unico": "no",
        "n_testimonianze": 2,
        "note": "trafficata 2 corsie nessuna ciclabile"
      }
    },
    {
      "type": "Feature",
      "geometry": null,
      "properties": {
        "id": "SS-ROM-0162",
        "nome": "Via Cagliari",
        "quartiere": "Tufello",
        "municipio": "III",
        "classificazione": "giallo",
        "score": 3,
        "ciclabile": "no",
        "n_corsie": 2,
        "senso_unico": "no",
        "n_testimonianze": 1,
        "note": "strada urbana traffico contenuto"
      }
    },
    {
      "type": "Feature",
      "geometry": null,
      "properties": {
        "id": "SS-ROM-0163",
        "nome": "Via Palermo",
        "quartiere": "Tufello",
        "municipio": "III",
        "classificazione": "giallo",
        "score": 3,
        "ciclabile": "no",
        "n_corsie": 1,
        "senso_unico": "si",
        "n_testimonianze": 1,
        "note": "senso unico residenziale"
      }
    },
    {
      "type": "Feature",
      "geometry": null,
      "properties": {
        "id": "SS-ROM-0164",
        "nome": "Via Catanzaro",
        "quartiere": "Tufello",
        "municipio": "III",
        "classificazione": "giallo",
        "score": 3,
        "ciclabile": "no",
        "n_corsie": 1,
        "senso_unico": "si",
        "n_testimonianze": 1,
        "note": "senso unico residenziale"
      }
    },
    {
      "type": "Feature",
      "geometry": null,
      "properties": {
        "id": "SS-ROM-0165",
        "nome": "Via Potenza",
        "quartiere": "Tufello",
        "municipio": "III",
        "classificazione": "giallo",
        "score": 3,
        "ciclabile": "no",
        "n_corsie": 1,
        "senso_unico": "si",
        "n_testimonianze": 1,
        "note": "senso unico residenziale"
      }
    },
    {
      "type": "Feature",
      "geometry": null,
      "properties": {
        "id": "SS-ROM-0166",
        "nome": "Via Reggio Emilia",
        "quartiere": "Tufello",
        "municipio": "III",
        "classificazione": "giallo",
        "score": 3,
        "ciclabile": "no",
        "n_corsie": 2,
        "senso_unico": "no",
        "n_testimonianze": 1,
        "note": "strada urbana traffico contenuto"
      }
    },
    {
      "type": "Feature",
      "geometry": null,
      "properties": {
        "id": "SS-ROM-0167",
        "nome": "Via Vibo Valentia",
        "quartiere": "Tufello",
        "municipio": "III",
        "classificazione": "giallo",
        "score": 3,
        "ciclabile": "no",
        "n_corsie": 1,
        "senso_unico": "si",
        "n_testimonianze": 1,
        "note": "senso unico residenziale"
      }
    },
    {
      "type": "Feature",
      "geometry": null,
      "properties": {
        "id": "SS-ROM-0168",
        "nome": "Via Lodi",
        "quartiere": "Tufello",
        "municipio": "III",
        "classificazione": "giallo",
        "score": 3,
        "ciclabile": "no",
        "n_corsie": 1,
        "senso_unico": "si",
        "n_testimonianze": 1,
        "note": "senso unico residenziale"
      }
    },
    {
      "type": "Feature",
      "geometry": {
        "type": "Point",
        "coordinates": [
          12.519608,
          41.910851
        ]
      },
      "properties": {
        "id": "SS-ROM-0169",
        "nome": "Via Cremona",
        "quartiere": "Tufello",
        "municipio": "III",
        "classificazione": "giallo",
        "score": 3,
        "ciclabile": "no",
        "n_corsie": 1,
        "senso_unico": "si",
        "n_testimonianze": 2,
        "note": "senso unico residenziale"
      }
    },
    {
      "type": "Feature",
      "geometry": null,
      "properties": {
        "id": "SS-ROM-0170",
        "nome": "Via Brescia",
        "quartiere": "Tufello",
        "municipio": "III",
        "classificazione": "giallo",
        "score": 3,
        "ciclabile": "no",
        "n_corsie": 1,
        "senso_unico": "si",
        "n_testimonianze": 1,
        "note": "senso unico residenziale"
      }
    },
    {
      "type": "Feature",
      "geometry": null,
      "properties": {
        "id": "SS-ROM-0171",
        "nome": "Via Mantova",
        "quartiere": "Tufello",
        "municipio": "III",
        "classificazione": "giallo",
        "score": 3,
        "ciclabile": "no",
        "n_corsie": 1,
        "senso_unico": "si",
        "n_testimonianze": 1,
        "note": "senso unico residenziale"
      }
    },
    {
      "type": "Feature",
      "geometry": null,
      "properties": {
        "id": "SS-ROM-0172",
        "nome": "Via dei Monti Tiburtini",
        "quartiere": "Fidene",
        "municipio": "III",
        "classificazione": "rosso",
        "score": 4,
        "ciclabile": "no",
        "n_corsie": 4,
        "senso_unico": "no",
        "n_testimonianze": 1,
        "note": "arteria trafficata nessuna ciclabile"
      }
    },
    {
      "type": "Feature",
      "geometry": null,
      "properties": {
        "id": "SS-ROM-0173",
        "nome": "Via Fidene",
        "quartiere": "Fidene",
        "municipio": "III",
        "classificazione": "giallo",
        "score": 3,
        "ciclabile": "no",
        "n_corsie": 2,
        "senso_unico": "no",
        "n_testimonianze": 1,
        "note": "strada urbana periferica traffico contenuto"
      }
    },
    {
      "type": "Feature",
      "geometry": null,
      "properties": {
        "id": "SS-ROM-0174",
        "nome": "Via Castel Giubileo",
        "quartiere": "Fidene",
        "municipio": "III",
        "classificazione": "giallo",
        "score": 3,
        "ciclabile": "no",
        "n_corsie": 2,
        "senso_unico": "no",
        "n_testimonianze": 1,
        "note": "strada periferica traffico contenuto"
      }
    },
    {
      "type": "Feature",
      "geometry": {
        "type": "Point",
        "coordinates": [
          12.5196975,
          42.0080403
        ]
      },
      "properties": {
        "id": "SS-ROM-0175",
        "nome": "Via Settebagni",
        "quartiere": "Settebagni",
        "municipio": "III",
        "classificazione": "giallo",
        "score": 3,
        "ciclabile": "no",
        "n_corsie": 2,
        "senso_unico": "no",
        "n_testimonianze": 1,
        "note": "strada periferica traffico limitato"
      }
    },
    {
      "type": "Feature",
      "geometry": {
        "type": "Point",
        "coordinates": [
          12.5361838,
          41.9529211
        ]
      },
      "properties": {
        "id": "SS-ROM-0176",
        "nome": "Via di Casal Boccone",
        "quartiere": "Val Melaina",
        "municipio": "III",
        "classificazione": "giallo",
        "score": 3,
        "ciclabile": "no",
        "n_corsie": 2,
        "senso_unico": "no",
        "n_testimonianze": 1,
        "note": "strada periferica residenziale"
      }
    },
    {
      "type": "Feature",
      "geometry": null,
      "properties": {
        "id": "SS-ROM-0177",
        "nome": "Via Sacco Pastore",
        "quartiere": "Tufello",
        "municipio": "III",
        "classificazione": "rosso",
        "score": 4,
        "ciclabile": "no",
        "n_corsie": 2,
        "senso_unico": "no",
        "n_testimonianze": 1,
        "note": "trafficata 2 corsie nessuna ciclabile"
      }
    },
    {
      "type": "Feature",
      "geometry": null,
      "properties": {
        "id": "SS-ROM-0178",
        "nome": "Viale Adriatico",
        "quartiere": "Montesacro",
        "municipio": "III",
        "classificazione": "rosso",
        "score": 4,
        "ciclabile": "no",
        "n_corsie": 4,
        "senso_unico": "no",
        "n_testimonianze": 2,
        "note": "arteria trafficata 4 corsie nessuna ciclabile"
      }
    },
    {
      "type": "Feature",
      "geometry": {
        "type": "Point",
        "coordinates": [
          12.528105,
          41.944042
        ]
      },
      "properties": {
        "id": "SS-ROM-0179",
        "nome": "Viale Tirreno",
        "quartiere": "Montesacro",
        "municipio": "III",
        "classificazione": "verde",
        "score": 1,
        "ciclabile": "no",
        "n_corsie": 4,
        "senso_unico": "no",
        "n_testimonianze": 8,
        "note": "arteria trafficata 4 corsie nessuna ciclabile. Ricolorato da rosso a verde in base a 6 segnalazioni reali (ultima: 2026-06-19T12:56)."
      }
    },
    {
      "type": "Feature",
      "geometry": null,
      "properties": {
        "id": "SS-ROM-0180",
        "nome": "Via Arlanda",
        "quartiere": "Montesacro",
        "municipio": "III",
        "classificazione": "giallo",
        "score": 3,
        "ciclabile": "no",
        "n_corsie": 2,
        "senso_unico": "no",
        "n_testimonianze": 1,
        "note": "strada residenziale tranquilla"
      }
    },
    {
      "type": "Feature",
      "geometry": null,
      "properties": {
        "id": "SS-ROM-0181",
        "nome": "Via Gargano",
        "quartiere": "Montesacro",
        "municipio": "III",
        "classificazione": "giallo",
        "score": 3,
        "ciclabile": "no",
        "n_corsie": 1,
        "senso_unico": "si",
        "n_testimonianze": 1,
        "note": "senso unico residenziale"
      }
    },
    {
      "type": "Feature",
      "geometry": null,
      "properties": {
        "id": "SS-ROM-0182",
        "nome": "Via del Casale di San Basilio",
        "quartiere": "Val Melaina",
        "municipio": "III",
        "classificazione": "giallo",
        "score": 3,
        "ciclabile": "no",
        "n_corsie": 2,
        "senso_unico": "no",
        "n_testimonianze": 1,
        "note": "strada periferica traffico limitato"
      }
    },
    {
      "type": "Feature",
      "geometry": null,
      "properties": {
        "id": "SS-ROM-0183",
        "nome": "Parco delle Sabine (percorsi)",
        "quartiere": "Montesacro",
        "municipio": "III",
        "classificazione": "verde-blu",
        "score": 1,
        "ciclabile": "si",
        "n_corsie": 0,
        "senso_unico": "no",
        "n_testimonianze": 1,
        "note": "area verde bike friendly con pedoni"
      }
    },
    {
      "type": "Feature",
      "geometry": {
        "type": "Point",
        "coordinates": [
          12.4726578,
          41.8283853
        ]
      },
      "properties": {
        "id": "SS-ROM-0184",
        "nome": "Viale America",
        "quartiere": "EUR",
        "municipio": "IX",
        "classificazione": "rosso",
        "score": 4,
        "ciclabile": "no",
        "n_corsie": 4,
        "senso_unico": "no",
        "n_testimonianze": 1,
        "note": "arteria trafficata EUR nessuna ciclabile"
      }
    },
    {
      "type": "Feature",
      "geometry": {
        "type": "Point",
        "coordinates": [
          12.4781849,
          41.8379971
        ]
      },
      "properties": {
        "id": "SS-ROM-0185",
        "nome": "Via delle Tre Fontane",
        "quartiere": "EUR",
        "municipio": "IX",
        "classificazione": "rosso",
        "score": 4,
        "ciclabile": "no",
        "n_corsie": 2,
        "senso_unico": "no",
        "n_testimonianze": 1,
        "note": "trafficata nessuna ciclabile"
      }
    },
    {
      "type": "Feature",
      "geometry": {
        "type": "Point",
        "coordinates": [
          12.4770185,
          41.835934
        ]
      },
      "properties": {
        "id": "SS-ROM-0186",
        "nome": "Viale Artigianato",
        "quartiere": "EUR",
        "municipio": "IX",
        "classificazione": "giallo",
        "score": 3,
        "ciclabile": "no",
        "n_corsie": 2,
        "senso_unico": "no",
        "n_testimonianze": 1,
        "note": "strada secondaria EUR traffico contenuto"
      }
    },
    {
      "type": "Feature",
      "geometry": null,
      "properties": {
        "id": "SS-ROM-0187",
        "nome": "Via Laurentina (Tre Fontane-Colombo)",
        "quartiere": "EUR",
        "municipio": "IX",
        "classificazione": "verde",
        "score": 1,
        "ciclabile": "si",
        "n_corsie": 4,
        "senso_unico": "no",
        "n_testimonianze": 1,
        "note": "ciclabile presente su questo tratto"
      }
    },
    {
      "type": "Feature",
      "geometry": null,
      "properties": {
        "id": "SS-ROM-0188",
        "nome": "Viale Marconi",
        "quartiere": "Marconi",
        "municipio": "XI",
        "classificazione": "nero",
        "score": 5,
        "ciclabile": "no",
        "n_corsie": 4,
        "senso_unico": "no",
        "n_testimonianze": 1,
        "note": "multicarreggiata ad alta velocita pericolosissimo"
      }
    },
    {
      "type": "Feature",
      "geometry": null,
      "properties": {
        "id": "SS-ROM-0189",
        "nome": "Lungotevere degli Inventori",
        "quartiere": "Marconi",
        "municipio": "XI",
        "classificazione": "verde",
        "score": 1,
        "ciclabile": "si",
        "n_corsie": 0,
        "senso_unico": "no",
        "n_testimonianze": 2,
        "note": "ciclabile presente lungo il Tevere"
      }
    },
    {
      "type": "Feature",
      "geometry": null,
      "properties": {
        "id": "SS-ROM-0190",
        "nome": "Via Grimaldi",
        "quartiere": "Marconi",
        "municipio": "XI",
        "classificazione": "nero",
        "score": 5,
        "ciclabile": "no",
        "n_corsie": 4,
        "senso_unico": "no",
        "n_testimonianze": 1,
        "note": "multicarreggiata pericolosissima"
      }
    },
    {
      "type": "Feature",
      "geometry": null,
      "properties": {
        "id": "SS-ROM-0191",
        "nome": "Via Quirino Majorana",
        "quartiere": "Marconi",
        "municipio": "XI",
        "classificazione": "nero",
        "score": 5,
        "ciclabile": "no",
        "n_corsie": 4,
        "senso_unico": "no",
        "n_testimonianze": 1,
        "note": "multicarreggiata con cavalcavia pericolosissimo"
      }
    },
    {
      "type": "Feature",
      "geometry": {
        "type": "Point",
        "coordinates": [
          12.4586157,
          41.8811751
        ]
      },
      "properties": {
        "id": "SS-ROM-0192",
        "nome": "Viale dei Quattro Venti",
        "quartiere": "Monteverde",
        "municipio": "XII",
        "classificazione": "rosso",
        "score": 4,
        "ciclabile": "no",
        "n_corsie": 4,
        "senso_unico": "no",
        "n_testimonianze": 1,
        "note": "arteria trafficata nessuna ciclabile"
      }
    },
    {
      "type": "Feature",
      "geometry": {
        "type": "Point",
        "coordinates": [
          12.4564093,
          41.8706609
        ]
      },
      "properties": {
        "id": "SS-ROM-0193",
        "nome": "Circonvallazione Gianicolense",
        "quartiere": "Monteverde",
        "municipio": "XII",
        "classificazione": "rosso",
        "score": 4,
        "ciclabile": "no",
        "n_corsie": 4,
        "senso_unico": "no",
        "n_testimonianze": 3,
        "note": "arteria trafficata nessuna ciclabile doppia fila traffico veloce"
      }
    },
    {
      "type": "Feature",
      "geometry": null,
      "properties": {
        "id": "SS-ROM-0194",
        "nome": "Via Barrili",
        "quartiere": "Monteverde Vecchio",
        "municipio": "XII",
        "classificazione": "giallo",
        "score": 3,
        "ciclabile": "no",
        "n_corsie": 2,
        "senso_unico": "no",
        "n_testimonianze": 1,
        "note": "strada residenziale tranquilla"
      }
    },
    {
      "type": "Feature",
      "geometry": null,
      "properties": {
        "id": "SS-ROM-0195",
        "nome": "Via Carini",
        "quartiere": "Monteverde Vecchio",
        "municipio": "XII",
        "classificazione": "giallo",
        "score": 3,
        "ciclabile": "no",
        "n_corsie": 1,
        "senso_unico": "si",
        "n_testimonianze": 1,
        "note": "strada residenziale tranquilla"
      }
    },
    {
      "type": "Feature",
      "geometry": null,
      "properties": {
        "id": "SS-ROM-0196",
        "nome": "Via Poerio",
        "quartiere": "Monteverde Vecchio",
        "municipio": "XII",
        "classificazione": "giallo",
        "score": 3,
        "ciclabile": "no",
        "n_corsie": 1,
        "senso_unico": "si",
        "n_testimonianze": 1,
        "note": "strada residenziale senso unico"
      }
    },
    {
      "type": "Feature",
      "geometry": {
        "type": "Point",
        "coordinates": [
          12.3892315,
          41.8228085
        ]
      },
      "properties": {
        "id": "SS-ROM-0197",
        "nome": "Via della Magliana",
        "quartiere": "Magliana",
        "municipio": "XI",
        "classificazione": "verde",
        "score": 1,
        "ciclabile": "si",
        "n_corsie": 2,
        "senso_unico": "no",
        "n_testimonianze": 1,
        "note": "ciclabile presente"
      }
    },
    {
      "type": "Feature",
      "geometry": {
        "type": "Point",
        "coordinates": [
          12.4544351,
          41.8271772
        ]
      },
      "properties": {
        "id": "SS-ROM-0198",
        "nome": "Viale Egeo",
        "quartiere": "EUR",
        "municipio": "IX",
        "classificazione": "verde",
        "score": 1,
        "ciclabile": "si",
        "n_corsie": 4,
        "senso_unico": "no",
        "n_testimonianze": 1,
        "note": "ciclabile presente EUR"
      }
    },
    {
      "type": "Feature",
      "geometry": null,
      "properties": {
        "id": "SS-ROM-0199",
        "nome": "Via dell Oceano Indiano",
        "quartiere": "EUR",
        "municipio": "IX",
        "classificazione": "verde",
        "score": 1,
        "ciclabile": "si",
        "n_corsie": 2,
        "senso_unico": "no",
        "n_testimonianze": 1,
        "note": "ciclabile presente EUR"
      }
    },
    {
      "type": "Feature",
      "geometry": null,
      "properties": {
        "id": "SS-ROM-0200",
        "nome": "Via Nomentana (ciclabile confermata)",
        "quartiere": "Nomentano",
        "municipio": "II",
        "classificazione": "verde",
        "score": 1,
        "ciclabile": "si",
        "n_corsie": 4,
        "senso_unico": "no",
        "n_testimonianze": 2,
        "note": "ciclabile confermata da Sentinella"
      }
    },
    {
      "type": "Feature",
      "geometry": {
        "type": "Point",
        "coordinates": [
          12.5002399,
          41.9100038
        ]
      },
      "properties": {
        "id": "SS-ROM-0201",
        "nome": "Corso d Italia (Porta Pia - P.za Fiume)",
        "quartiere": "Salario",
        "municipio": "II",
        "classificazione": "rosso",
        "score": 4,
        "ciclabile": "no",
        "n_corsie": 4,
        "senso_unico": "no",
        "n_testimonianze": 1,
        "note": "arteria trafficata nessuna ciclabile"
      }
    },
    {
      "type": "Feature",
      "geometry": null,
      "properties": {
        "id": "SS-ROM-0202",
        "nome": "Villa Borghese (percorsi interni)",
        "quartiere": "Flaminio",
        "municipio": "II",
        "classificazione": "verde",
        "score": 1,
        "ciclabile": "si",
        "n_corsie": 0,
        "senso_unico": "no",
        "n_testimonianze": 2,
        "note": "percorsi ciclabili interni bike friendly confermati"
      }
    },
    {
      "type": "Feature",
      "geometry": {
        "type": "Point",
        "coordinates": [
          12.515788,
          41.905448
        ]
      },
      "properties": {
        "id": "SS-ROM-0203",
        "nome": "Viale Regina Elena",
        "quartiere": "Policlinico",
        "municipio": "II",
        "classificazione": "rosso",
        "score": 4,
        "ciclabile": "no",
        "n_corsie": 4,
        "senso_unico": "no",
        "n_testimonianze": 2,
        "note": "rettilineo con tendenza al traffico veloce - segnalazione @metaiyo"
      }
    },
    {
      "type": "Feature",
      "geometry": null,
      "properties": {
        "id": "SS-ROM-0204",
        "nome": "Via Tiburtina (tratto San Lorenzo)",
        "quartiere": "San Lorenzo",
        "municipio": "II",
        "classificazione": "giallo",
        "score": 3,
        "ciclabile": "no",
        "n_corsie": 2,
        "senso_unico": "no",
        "n_testimonianze": 1,
        "note": "strada stretta traffico lento - segnalazione @metaiyo"
      }
    },
    {
      "type": "Feature",
      "geometry": null,
      "properties": {
        "id": "SS-ROM-0205",
        "nome": "Circonvallazione Tiburtina",
        "quartiere": "San Lorenzo/Verano",
        "municipio": "II",
        "classificazione": "nero",
        "score": 5,
        "ciclabile": "no",
        "n_corsie": 4,
        "senso_unico": "no",
        "n_testimonianze": 1,
        "note": "accesso vietato alle bici multicarreggiata - segnalazione @metaiyo"
      }
    },
    {
      "type": "Feature",
      "geometry": null,
      "properties": {
        "id": "SS-ROM-0206",
        "nome": "Via di Santa Bibiana",
        "quartiere": "Castro Pretorio",
        "municipio": "I",
        "classificazione": "rosso",
        "score": 4,
        "ciclabile": "no",
        "n_corsie": 2,
        "senso_unico": "no",
        "n_testimonianze": 1,
        "note": "breve ma con traffico veloce - segnalazione @metaiyo"
      }
    },
    {
      "type": "Feature",
      "geometry": {
        "type": "Point",
        "coordinates": [
          12.5118263,
          41.8924871
        ]
      },
      "properties": {
        "id": "SS-ROM-0207",
        "nome": "Via di Porta Maggiore",
        "quartiere": "Esquilino",
        "municipio": "I",
        "classificazione": "rosso",
        "score": 4,
        "ciclabile": "no",
        "n_corsie": 2,
        "senso_unico": "no",
        "n_testimonianze": 1,
        "note": "strada trafficata con molte auto in doppia fila - segnalazione @hyperpigno"
      }
    },
    {
      "type": "Feature",
      "geometry": null,
      "properties": {
        "id": "SS-ROM-0208",
        "nome": "Via Prenestina (tratto Mun V)",
        "quartiere": "Prenestino",
        "municipio": "V",
        "classificazione": "rosso",
        "score": 4,
        "ciclabile": "si",
        "n_corsie": 4,
        "senso_unico": "no",
        "n_testimonianze": 1,
        "note": "corsia ciclabile spesso invasa da auto parcheggiate - segnalazione @hyperpigno"
      }
    },
    {
      "type": "Feature",
      "geometry": {
        "type": "Point",
        "coordinates": [
          12.5364645,
          41.8869301
        ]
      },
      "properties": {
        "id": "SS-ROM-0209",
        "nome": "Via Erasmo Gattamelata",
        "quartiere": "Prenestino",
        "municipio": "V",
        "classificazione": "giallo",
        "score": 3,
        "ciclabile": "no",
        "n_corsie": 1,
        "senso_unico": "si",
        "n_testimonianze": 1,
        "note": "senso unico senza ciclabile poco traffico fuori ore di punta - segnalazione @hyperpigno"
      }
    },
    {
      "type": "Feature",
      "geometry": null,
      "properties": {
        "id": "SS-ROM-0210",
        "nome": "Ciclabile della Piramide Cestia",
        "quartiere": "Ostiense/Testaccio",
        "municipio": "I",
        "classificazione": "verde",
        "score": 1,
        "ciclabile": "si",
        "n_corsie": 0,
        "senso_unico": "no",
        "n_testimonianze": 1,
        "note": "ciclabile confermata - segnalazione @Sim1_71"
      }
    },
    {
      "type": "Feature",
      "geometry": {
        "type": "Point",
        "coordinates": [
          12.5392068,
          41.8907072
        ]
      },
      "properties": {
        "id": "SS-ROM-0211",
        "nome": "Via Sampiero di Bastelica",
        "quartiere": "Prenestino",
        "municipio": "V",
        "classificazione": "giallo",
        "score": 3,
        "ciclabile": "no",
        "n_corsie": 1,
        "senso_unico": "si",
        "n_testimonianze": 1,
        "note": "senso unico abbastanza trafficata nelle ore di punta ma gestibile - segnalazione @hyperpigno"
      }
    },
    {
      "type": "Feature",
      "geometry": null,
      "properties": {
        "id": "SS-ROM-0212",
        "nome": "Via Laurentina (tratto Vigna Murata)",
        "quartiere": "Vigna Murata",
        "municipio": "IX",
        "classificazione": "rosso",
        "score": 4,
        "ciclabile": "no",
        "n_corsie": 4,
        "senso_unico": "no",
        "n_testimonianze": 1,
        "note": "traffico velocissimo quasi autostrada - segnalazione @metaiyo"
      }
    },
    {
      "type": "Feature",
      "geometry": null,
      "properties": {
        "id": "SS-ROM-0213",
        "nome": "Via Flaminia (tratto Tor di Quinto)",
        "quartiere": "Tor di Quinto",
        "municipio": "XV",
        "classificazione": "rosso",
        "score": 4,
        "ciclabile": "no",
        "n_corsie": 4,
        "senso_unico": "no",
        "n_testimonianze": 1,
        "note": "traffico veloce quasi autostrada marciapiede stretto e discontinuo - segnalazione @metaiyo"
      }
    },
    {
      "type": "Feature",
      "geometry": null,
      "properties": {
        "id": "SS-ROM-0214",
        "nome": "Via Alfonso Torelli",
        "quartiere": "Tiburtino",
        "municipio": "IV",
        "classificazione": "rosso",
        "score": 4,
        "ciclabile": "no",
        "n_corsie": 2,
        "senso_unico": "no",
        "n_testimonianze": 1,
        "note": "invoglia alla guida veloce - segnalazione @metaiyo"
      }
    },
    {
      "type": "Feature",
      "geometry": {
        "type": "Point",
        "coordinates": [
          12.5417393,
          41.8927334
        ]
      },
      "properties": {
        "id": "SS-ROM-0215",
        "nome": "Via di Portonaccio",
        "quartiere": "Prenestino",
        "municipio": "V",
        "classificazione": "rosso",
        "score": 4,
        "ciclabile": "no",
        "n_corsie": 4,
        "senso_unico": "no",
        "n_testimonianze": 1,
        "note": "strada larga no pista no corsia preferenziale - segnalazione @metaiyo"
      }
    },
    {
      "type": "Feature",
      "geometry": null,
      "properties": {
        "id": "SS-ROM-0216",
        "nome": "Via del Mandrione",
        "quartiere": "Tuscolano/Pigneto",
        "municipio": "VII",
        "classificazione": "blu",
        "score": 2,
        "ciclabile": "no",
        "n_corsie": 1,
        "senso_unico": "no",
        "n_testimonianze": 1,
        "note": "strada principalmente chiusa al traffico poco frequentata - segnalazione @metaiyo"
      }
    },
    {
      "type": "Feature",
      "geometry": {
        "type": "Point",
        "coordinates": [
          12.5503608,
          41.873833
        ]
      },
      "properties": {
        "id": "SS-ROM-0217",
        "nome": "Via di Centocelle",
        "quartiere": "Quadraro",
        "municipio": "VII",
        "classificazione": "rosso",
        "score": 4,
        "ciclabile": "no",
        "n_corsie": 4,
        "senso_unico": "no",
        "n_testimonianze": 1,
        "note": "strada larga invoglia alla guida veloce no ciclabile - segnalazione @metaiyo"
      }
    },
    {
      "type": "Feature",
      "geometry": {
        "type": "Point",
        "coordinates": [
          12.5409086,
          41.8725308
        ]
      },
      "properties": {
        "id": "SS-ROM-0218",
        "nome": "Via di Porta Furba",
        "quartiere": "Tuscolano",
        "municipio": "VII",
        "classificazione": "rosso",
        "score": 4,
        "ciclabile": "no",
        "n_corsie": 2,
        "senso_unico": "no",
        "n_testimonianze": 1,
        "note": "strada stretta doppio senso no marciapiedi no piste invoglia alla velocita - segnalazione @metaiyo"
      }
    },
    {
      "type": "Feature",
      "geometry": null,
      "properties": {
        "id": "SS-ROM-0219",
        "nome": "Via di Tor Carbone",
        "quartiere": "Quarto Miglio/Vigna Murata",
        "municipio": "VIII",
        "classificazione": "rosso",
        "score": 4,
        "ciclabile": "no",
        "n_corsie": 2,
        "senso_unico": "no",
        "n_testimonianze": 1,
        "note": "no marciapiede no pista no lampioni invoglia alla guida veloce - segnalazione @metaiyo"
      }
    },
    {
      "type": "Feature",
      "geometry": {
        "type": "Point",
        "coordinates": [
          12.5060201,
          41.8390621
        ]
      },
      "properties": {
        "id": "SS-ROM-0220",
        "nome": "Via di Grotta Perfetta",
        "quartiere": "Ardeatino",
        "municipio": "VIII",
        "classificazione": "rosso",
        "score": 4,
        "ciclabile": "si",
        "n_corsie": 2,
        "senso_unico": "no",
        "n_testimonianze": 1,
        "note": "ciclabile che scompare nel traffico incrocio con Erminio Spalla pericoloso - segnalazione @mascarponsca"
      }
    },
    {
      "type": "Feature",
      "geometry": {
        "type": "Point",
        "coordinates": [
          12.486312,
          41.8689232
        ]
      },
      "properties": {
        "id": "SS-ROM-0221",
        "nome": "Via della Moletta",
        "quartiere": "Ostiense",
        "municipio": "VIII",
        "classificazione": "giallo",
        "score": 3,
        "ciclabile": "no",
        "n_corsie": 2,
        "senso_unico": "no",
        "n_testimonianze": 2,
        "note": "traffico locale scarso - segnalazione @Sim1_71"
      }
    },
    {
      "type": "Feature",
      "geometry": {
        "type": "Point",
        "coordinates": [
          12.4860322,
          41.8686791
        ]
      },
      "properties": {
        "id": "SS-ROM-0222",
        "nome": "Piazza Attilio Pecile",
        "quartiere": "Ostiense",
        "municipio": "VIII",
        "classificazione": "verde",
        "score": 1,
        "ciclabile": "no",
        "n_corsie": 0,
        "senso_unico": "no",
        "n_testimonianze": 1,
        "note": "traffico locale piazza adibita a parcheggio - segnalazione @Sim1_71"
      }
    },
    {
      "type": "Feature",
      "geometry": {
        "type": "Point",
        "coordinates": [
          12.4865594,
          41.8683183
        ]
      },
      "properties": {
        "id": "SS-ROM-0223",
        "nome": "Via Ciriaco d'Ancona",
        "quartiere": "Ostiense",
        "municipio": "VIII",
        "classificazione": "verde",
        "score": 1,
        "ciclabile": "no",
        "n_corsie": 1,
        "senso_unico": "no",
        "n_testimonianze": 1,
        "note": "strada locale traffico quasi nullo - segnalazione @Sim1_71"
      }
    },
    {
      "type": "Feature",
      "geometry": {
        "type": "Point",
        "coordinates": [
          12.4843883,
          41.8692134
        ]
      },
      "properties": {
        "id": "SS-ROM-0224",
        "nome": "Via Girolamo Benzoni",
        "quartiere": "Ostiense",
        "municipio": "VIII",
        "classificazione": "giallo",
        "score": 3,
        "ciclabile": "no",
        "n_corsie": 1,
        "senso_unico": "no",
        "n_testimonianze": 1,
        "note": "traffico locale - segnalazione @Sim1_71"
      }
    },
    {
      "type": "Feature",
      "geometry": {
        "type": "Point",
        "coordinates": [
          12.48572,
          41.8678129
        ]
      },
      "properties": {
        "id": "SS-ROM-0225",
        "nome": "Via Gaetano Casati",
        "quartiere": "Ostiense",
        "municipio": "VIII",
        "classificazione": "verde",
        "score": 1,
        "ciclabile": "no",
        "n_corsie": 1,
        "senso_unico": "no",
        "n_testimonianze": 1,
        "note": "strada privata senza uscita traffico locale - segnalazione @Sim1_71"
      }
    },
    {
      "type": "Feature",
      "geometry": {
        "type": "Point",
        "coordinates": [
          12.4870404,
          41.8681062
        ]
      },
      "properties": {
        "id": "SS-ROM-0226",
        "nome": "Via Prospero Alpino",
        "quartiere": "Ostiense",
        "municipio": "VIII",
        "classificazione": "verde",
        "score": 1,
        "ciclabile": "no",
        "n_corsie": 2,
        "senso_unico": "no",
        "n_testimonianze": 2,
        "note": "traffico locale - segnalazione @Sim1_71. Ricolorato da giallo a verde in base a 1 segnalazioni reali (ultima: 2026-06-16T06:07)."
      }
    },
    {
      "type": "Feature",
      "geometry": {
        "type": "Point",
        "coordinates": [
          12.4888091,
          41.8668771
        ]
      },
      "properties": {
        "id": "SS-ROM-0227",
        "nome": "Circonvallazione Ostiense",
        "quartiere": "Ostiense",
        "municipio": "VIII",
        "classificazione": "rosso",
        "score": 4,
        "ciclabile": "no",
        "n_corsie": 4,
        "senso_unico": "no",
        "n_testimonianze": 1,
        "note": "traffico intenso molte intersezioni - segnalazione @Sim1_71"
      }
    },
    {
      "type": "Feature",
      "geometry": {
        "type": "Point",
        "coordinates": [
          12.488483,
          41.8681058
        ]
      },
      "properties": {
        "id": "SS-ROM-0228",
        "nome": "Via di Santa Galla",
        "quartiere": "Ostiense",
        "municipio": "VIII",
        "classificazione": "giallo",
        "score": 3,
        "ciclabile": "no",
        "n_corsie": 2,
        "senso_unico": "no",
        "n_testimonianze": 2,
        "note": "traffico locale - segnalazione @Sim1_71"
      }
    },
    {
      "type": "Feature",
      "geometry": {
        "type": "Point",
        "coordinates": [
          12.4883336,
          41.8687831
        ]
      },
      "properties": {
        "id": "SS-ROM-0229",
        "nome": "Piazza Giovanni da Verrazzano",
        "quartiere": "Ostiense",
        "municipio": "VIII",
        "classificazione": "giallo",
        "score": 3,
        "ciclabile": "no",
        "n_corsie": 0,
        "senso_unico": "no",
        "n_testimonianze": 2,
        "note": "traffico locale - segnalazione @Sim1_71"
      }
    },
    {
      "type": "Feature",
      "geometry": {
        "type": "Point",
        "coordinates": [
          12.4951059,
          41.8692294
        ]
      },
      "properties": {
        "id": "SS-ROM-0230",
        "nome": "Via Capitan Bavastro",
        "quartiere": "Ostiense",
        "municipio": "VIII",
        "classificazione": "giallo",
        "score": 3,
        "ciclabile": "no",
        "n_corsie": 2,
        "senso_unico": "no",
        "n_testimonianze": 2,
        "note": "traffico locale - segnalazione @Sim1_71"
      }
    },
    {
      "type": "Feature",
      "geometry": null,
      "properties": {
        "id": "SS-ROM-0231",
        "nome": "Via Cristoforo Colombo (lato centro ciclabile)",
        "quartiere": "Ostiense",
        "municipio": "I",
        "classificazione": "verde",
        "score": 1,
        "ciclabile": "si",
        "n_corsie": 0,
        "senso_unico": "si",
        "n_testimonianze": 1,
        "note": "ciclabile su marciapiede lato direzione centro - segnalazione @Sim1_71"
      }
    },
    {
      "type": "Feature",
      "geometry": null,
      "properties": {
        "id": "SS-ROM-0232",
        "nome": "Via Cristoforo Colombo (lato EUR)",
        "quartiere": "Ostiense",
        "municipio": "I",
        "classificazione": "nero",
        "score": 5,
        "ciclabile": "no",
        "n_corsie": 4,
        "senso_unico": "si",
        "n_testimonianze": 1,
        "note": "traffico intenso e veloce lato direzione EUR - segnalazione @Sim1_71"
      }
    },
    {
      "type": "Feature",
      "geometry": {
        "type": "Point",
        "coordinates": [
          12.4962155,
          41.8799024
        ]
      },
      "properties": {
        "id": "SS-ROM-0233",
        "nome": "Piazzale Numa Pompilio",
        "quartiere": "Celio",
        "municipio": "I",
        "classificazione": "nero",
        "score": 5,
        "ciclabile": "no",
        "n_corsie": 4,
        "senso_unico": "no",
        "n_testimonianze": 1,
        "note": "molte corsie flussi veicolari intensi che si intersecano - segnalazione @Sim1_71"
      }
    },
    {
      "type": "Feature",
      "geometry": {
        "type": "Point",
        "coordinates": [
          12.497091,
          41.8809781
        ]
      },
      "properties": {
        "id": "SS-ROM-0234",
        "nome": "Via Druso",
        "quartiere": "Celio",
        "municipio": "I",
        "classificazione": "rosso",
        "score": 4,
        "ciclabile": "no",
        "n_corsie": 2,
        "senso_unico": "no",
        "n_testimonianze": 1,
        "note": "traffico intenso - segnalazione @Sim1_71"
      }
    },
    {
      "type": "Feature",
      "geometry": {
        "type": "Point",
        "coordinates": [
          12.4979959,
          41.8824287
        ]
      },
      "properties": {
        "id": "SS-ROM-0235",
        "nome": "Piazza di Porta Metronia",
        "quartiere": "Celio",
        "municipio": "I",
        "classificazione": "rosso",
        "score": 4,
        "ciclabile": "no",
        "n_corsie": 0,
        "senso_unico": "no",
        "n_testimonianze": 1,
        "note": "traffico intenso - segnalazione @Sim1_71"
      }
    },
    {
      "type": "Feature",
      "geometry": null,
      "properties": {
        "id": "SS-ROM-0236",
        "nome": "Via dell'Amba Aradam",
        "quartiere": "Celio",
        "municipio": "I",
        "classificazione": "rosso",
        "score": 4,
        "ciclabile": "no",
        "n_corsie": 4,
        "senso_unico": "no",
        "n_testimonianze": 1,
        "note": "traffico intenso - segnalazione @Sim1_71"
      }
    },
    {
      "type": "Feature",
      "geometry": {
        "type": "Point",
        "coordinates": [
          12.5042124,
          41.8872243
        ]
      },
      "properties": {
        "id": "SS-ROM-0237",
        "nome": "Piazza di San Giovanni in Laterano",
        "quartiere": "San Giovanni",
        "municipio": "I",
        "classificazione": "nero",
        "score": 5,
        "ciclabile": "no",
        "n_corsie": 0,
        "senso_unico": "no",
        "n_testimonianze": 1,
        "note": "molti flussi veicolari che si incrociano - segnalazione @Sim1_71"
      }
    },
    {
      "type": "Feature",
      "geometry": null,
      "properties": {
        "id": "SS-ROM-0238",
        "nome": "Via Emanuele Filiberto",
        "quartiere": "San Giovanni",
        "municipio": "I",
        "classificazione": "rosso",
        "score": 4,
        "ciclabile": "no",
        "n_corsie": 4,
        "senso_unico": "no",
        "n_testimonianze": 4,
        "note": "traffico intenso"
      }
    },
    {
      "type": "Feature",
      "geometry": {
        "type": "Point",
        "coordinates": [
          12.5128754,
          41.8908118
        ]
      },
      "properties": {
        "id": "SS-ROM-0239",
        "nome": "Via Statilia",
        "quartiere": "Esquilino",
        "municipio": "I",
        "classificazione": "rosso",
        "score": 4,
        "ciclabile": "no",
        "n_corsie": 2,
        "senso_unico": "no",
        "n_testimonianze": 1,
        "note": "traffico intenso - segnalazione @Sim1_71"
      }
    },
    {
      "type": "Feature",
      "geometry": {
        "type": "Point",
        "coordinates": [
          12.5141587,
          41.8908713
        ]
      },
      "properties": {
        "id": "SS-ROM-0240",
        "nome": "Piazza di Porta Maggiore",
        "quartiere": "Esquilino",
        "municipio": "I",
        "classificazione": "rosso",
        "score": 4,
        "ciclabile": "no",
        "n_corsie": 0,
        "senso_unico": "no",
        "n_testimonianze": 3,
        "note": "molti flussi veicolari veloci che si incrociano. Ricolorato da nero a rosso in base a 1 segnalazioni reali (ultima: 2026-06-19T14:40)."
      }
    },
    {
      "type": "Feature",
      "geometry": null,
      "properties": {
        "id": "SS-ROM-0241",
        "nome": "Viale dello Scalo San Lorenzo (tratto ciclabile)",
        "quartiere": "Tiburtino",
        "municipio": "IV",
        "classificazione": "giallo",
        "score": 3,
        "ciclabile": "si",
        "n_corsie": 2,
        "senso_unico": "si",
        "n_testimonianze": 1,
        "note": "breve tratto ciclabile non separata direzione Porta Maggiore - segnalazione @Sim1_71"
      }
    },
    {
      "type": "Feature",
      "geometry": null,
      "properties": {
        "id": "SS-ROM-0242",
        "nome": "Viale dello Scalo San Lorenzo (tratto trafficato)",
        "quartiere": "San Lorenzo",
        "municipio": "II",
        "classificazione": "rosso",
        "score": 4,
        "ciclabile": "no",
        "n_corsie": 4,
        "senso_unico": "no",
        "n_testimonianze": 1,
        "note": "strada molto trafficata ciclabile inizia piu avanti - segnalazione @Sim1_71"
      }
    },
    {
      "type": "Feature",
      "geometry": {
        "type": "Point",
        "coordinates": [
          12.5186866,
          41.8983474
        ]
      },
      "properties": {
        "id": "SS-ROM-0243",
        "nome": "Via dei Reti",
        "quartiere": "San Lorenzo",
        "municipio": "II",
        "classificazione": "giallo",
        "score": 3,
        "ciclabile": "no",
        "n_corsie": 2,
        "senso_unico": "no",
        "n_testimonianze": 1,
        "note": "traffico scarso presenza binari tram - segnalazione @Sim1_71"
      }
    },
    {
      "type": "Feature",
      "geometry": null,
      "properties": {
        "id": "SS-ROM-0244",
        "nome": "Piazzale del Verano (ingresso cimitero)",
        "quartiere": "San Lorenzo",
        "municipio": "II",
        "classificazione": "giallo",
        "score": 3,
        "ciclabile": "no",
        "n_corsie": 0,
        "senso_unico": "no",
        "n_testimonianze": 1,
        "note": "scarsa viabilita locale davanti ingresso cimitero monumentale - segnalazione @Sim1_71"
      }
    },
    {
      "type": "Feature",
      "geometry": null,
      "properties": {
        "id": "SS-ROM-0245",
        "nome": "Piazzale del Verano (svincolo)",
        "quartiere": "San Lorenzo",
        "municipio": "II",
        "classificazione": "nero",
        "score": 5,
        "ciclabile": "no",
        "n_corsie": 4,
        "senso_unico": "no",
        "n_testimonianze": 1,
        "note": "molti flussi veicolari veloci che si incrociano - segnalazione @Sim1_71"
      }
    },
    {
      "type": "Feature",
      "geometry": null,
      "properties": {
        "id": "SS-ROM-0246",
        "nome": "Via Tiburtina (ciclabile cancellata lavori)",
        "quartiere": "Nomentano/San Lorenzo",
        "municipio": "II",
        "classificazione": "rosso",
        "score": 4,
        "ciclabile": "no",
        "n_corsie": 4,
        "senso_unico": "no",
        "n_testimonianze": 2,
        "note": "traffico veloce ciclabile cancellata per lavori tramvia - segnalazione @Sim1_71"
      }
    },
    {
      "type": "Feature",
      "geometry": null,
      "properties": {
        "id": "SS-ROM-0247",
        "nome": "Viale Altiero Spinelli",
        "quartiere": "Tiburtino",
        "municipio": "IV",
        "classificazione": "giallo",
        "score": 3,
        "ciclabile": "no",
        "n_corsie": 2,
        "senso_unico": "no",
        "n_testimonianze": 1,
        "note": "traffico locale"
      }
    },
    {
      "type": "Feature",
      "geometry": {
        "type": "Point",
        "coordinates": [
          12.5333522,
          41.9054864
        ]
      },
      "properties": {
        "id": "SS-ROM-0248",
        "nome": "Circonvallazione della Stazione Tiburtina",
        "quartiere": "Tiburtino",
        "municipio": "IV",
        "classificazione": "nero",
        "score": 5,
        "ciclabile": "no",
        "n_corsie": 4,
        "senso_unico": "no",
        "n_testimonianze": 2,
        "note": "svincoli velocita elevate - segnalazione @Sim1_71"
      }
    },
    {
      "type": "Feature",
      "geometry": null,
      "properties": {
        "id": "SS-ROM-0249",
        "nome": "Viale dei Cavalieri di Vittorio Veneto",
        "quartiere": "Villa Borghese",
        "municipio": "I",
        "classificazione": "nero",
        "score": 5,
        "ciclabile": "no",
        "n_corsie": 4,
        "senso_unico": "no",
        "n_testimonianze": 1,
        "note": "trappola mortale - segnalazione @metaiyo"
      }
    },
    {
      "type": "Feature",
      "geometry": null,
      "properties": {
        "id": "SS-ROM-0250",
        "nome": "Via della Pineta Sacchetti",
        "quartiere": "Monte Mario",
        "municipio": "XIV",
        "classificazione": "giallo",
        "score": 3,
        "ciclabile": "si",
        "n_corsie": 2,
        "senso_unico": "no",
        "n_testimonianze": 1,
        "note": "ciclabile presente ma al centro della carreggiata poco utile ne attrattiva - segnalazione @metaiyo"
      }
    },
    {
      "type": "Feature",
      "geometry": {
        "type": "Point",
        "coordinates": [
          12.4508118,
          41.8978966
        ]
      },
      "properties": {
        "id": "SS-ROM-0251",
        "nome": "Via Gregorio Settimo",
        "quartiere": "Aurelio",
        "municipio": "XIII",
        "classificazione": "verde",
        "score": 1,
        "ciclabile": "si",
        "n_corsie": 2,
        "senso_unico": "no",
        "n_testimonianze": 1,
        "note": "ciclabile stretta ma presente non protetta da cordoli - segnalazione @metaiyo"
      }
    },
    {
      "type": "Feature",
      "geometry": null,
      "properties": {
        "id": "SS-ROM-0252",
        "nome": "Via Anastasio Secondo",
        "quartiere": "Valle Aurelia",
        "municipio": "XIII",
        "classificazione": "nero",
        "score": 5,
        "ciclabile": "no",
        "n_corsie": 2,
        "senso_unico": "no",
        "n_testimonianze": 1,
        "note": "trappola mortale no marciapiede no ciclabile no preferenziale - segnalazione @metaiyo"
      }
    },
    {
      "type": "Feature",
      "geometry": {
        "type": "Point",
        "coordinates": [
          12.4860573,
          41.8461027
        ]
      },
      "properties": {
        "id": "SS-ROM-0253",
        "nome": "Viale Pico della Mirandola",
        "quartiere": "Montagnola",
        "municipio": "VIII",
        "classificazione": "rosso",
        "score": 4,
        "ciclabile": "no",
        "n_corsie": 4,
        "senso_unico": "no",
        "n_testimonianze": 1,
        "note": "rettilineo a scorrimento veloce no ciclabile - segnalazione @metaiyo"
      }
    },
    {
      "type": "Feature",
      "geometry": null,
      "properties": {
        "id": "SS-ROM-0254",
        "nome": "Via Cristoforo Colombo (EUR autostrada urbana)",
        "quartiere": "EUR",
        "municipio": "IX",
        "classificazione": "nero",
        "score": 5,
        "ciclabile": "no",
        "n_corsie": 6,
        "senso_unico": "no",
        "n_testimonianze": 1,
        "note": "autostrada urbana no marciapiede no pista no corsia preferenziale - segnalazione @metaiyo"
      }
    },
    {
      "type": "Feature",
      "geometry": null,
      "properties": {
        "id": "SS-ROM-0255",
        "nome": "Via Cristoforo Colombo (EUR marciapiede)",
        "quartiere": "EUR",
        "municipio": "IX",
        "classificazione": "giallo",
        "score": 3,
        "ciclabile": "no",
        "n_corsie": 0,
        "senso_unico": "no",
        "n_testimonianze": 1,
        "note": "passaggio possibile solo su marciapiede - segnalazione @metaiyo"
      }
    },
    {
      "type": "Feature",
      "geometry": {
        "type": "Point",
        "coordinates": [
          12.505148,
          41.8614729
        ]
      },
      "properties": {
        "id": "SS-ROM-0256",
        "nome": "Via Ardeatina",
        "quartiere": "Ardeatino",
        "municipio": "VIII",
        "classificazione": "rosso",
        "score": 4,
        "ciclabile": "no",
        "n_corsie": 4,
        "senso_unico": "no",
        "n_testimonianze": 1,
        "note": "rettilineo largo traffico veloce - segnalazione @metaiyo"
      }
    },
    {
      "type": "Feature",
      "geometry": {
        "type": "Point",
        "coordinates": [
          12.4703538,
          41.8452211
        ]
      },
      "properties": {
        "id": "SS-ROM-0257",
        "nome": "Via del Mare",
        "quartiere": "Ostiense",
        "municipio": "VIII",
        "classificazione": "rosso",
        "score": 4,
        "ciclabile": "no",
        "n_corsie": 2,
        "senso_unico": "no",
        "n_testimonianze": 1,
        "note": "strada piccola ma con tendenza a traffico veloce - segnalazione @metaiyo"
      }
    },
    {
      "type": "Feature",
      "geometry": null,
      "properties": {
        "id": "SS-ROM-0258",
        "nome": "Via Portuense (tratto Portuense)",
        "quartiere": "Portuense",
        "municipio": "XI",
        "classificazione": "rosso",
        "score": 4,
        "ciclabile": "no",
        "n_corsie": 4,
        "senso_unico": "no",
        "n_testimonianze": 1,
        "note": "strada larga traffico veloce - segnalazione @metaiyo"
      }
    },
    {
      "type": "Feature",
      "geometry": null,
      "properties": {
        "id": "SS-ROM-0259",
        "nome": "Via Portuense (tratto Trullo)",
        "quartiere": "Trullo",
        "municipio": "XII",
        "classificazione": "nero",
        "score": 5,
        "ciclabile": "no",
        "n_corsie": 4,
        "senso_unico": "no",
        "n_testimonianze": 1,
        "note": "trappola mortale separa Trullo da Portuense - segnalazione @metaiyo"
      }
    },
    {
      "type": "Feature",
      "geometry": {
        "type": "Point",
        "coordinates": [
          12.4739559,
          41.9282157
        ]
      },
      "properties": {
        "id": "SS-ROM-0260",
        "nome": "Corso di Francia",
        "quartiere": "Parioli",
        "municipio": "II",
        "classificazione": "nero",
        "score": 5,
        "ciclabile": "no",
        "n_corsie": 6,
        "senso_unico": "no",
        "n_testimonianze": 1,
        "note": "trappola mortale - segnalazione @metaiyo"
      }
    },
    {
      "type": "Feature",
      "geometry": {
        "type": "Point",
        "coordinates": [
          12.4872242,
          41.9093488
        ]
      },
      "properties": {
        "id": "SS-ROM-0261",
        "nome": "Viale del Muro Torto",
        "quartiere": "Pinciano",
        "municipio": "II",
        "classificazione": "nero",
        "score": 5,
        "ciclabile": "no",
        "n_corsie": 4,
        "senso_unico": "no",
        "n_testimonianze": 2,
        "note": "trappola mortale"
      }
    },
    {
      "type": "Feature",
      "geometry": {
        "type": "Point",
        "coordinates": [
          12.5211618,
          41.9094341
        ]
      },
      "properties": {
        "id": "SS-ROM-0262",
        "nome": "Piazzale delle Provincie",
        "quartiere": "Nomentano",
        "municipio": "II",
        "classificazione": "rosso",
        "score": 4,
        "ciclabile": "no",
        "n_corsie": 0,
        "senso_unico": "no",
        "n_testimonianze": 2,
        "note": "piazza trafficata caotica - segnalazione @metaiyo"
      }
    },
    {
      "type": "Feature",
      "geometry": {
        "type": "Point",
        "coordinates": [
          12.512122,
          41.901156
        ]
      },
      "properties": {
        "id": "SS-ROM-0263",
        "nome": "Piazzale Aldo Moro",
        "quartiere": "Nomentano",
        "municipio": "II",
        "classificazione": "rosso",
        "score": 4,
        "ciclabile": "no",
        "n_corsie": 4,
        "senso_unico": "no",
        "n_testimonianze": 2,
        "note": "arteria trafficata nessuna ciclabile - segnalazione Nikolai Fissenko"
      }
    },
    {
      "type": "Feature",
      "geometry": null,
      "properties": {
        "id": "SS-ROM-0264",
        "nome": "Via di San Gregorio (tratto Circo Massimo-Via Labicana)",
        "quartiere": "Aventino",
        "municipio": "I",
        "classificazione": "rosso",
        "score": 4,
        "ciclabile": "no",
        "n_corsie": 4,
        "senso_unico": "no",
        "n_testimonianze": 1,
        "note": "ciclabile assente traffico intenso e veloce - segnalazione @Sim1_71"
      }
    },
    {
      "type": "Feature",
      "geometry": null,
      "properties": {
        "id": "SS-ROM-0265",
        "nome": "Via di San Gregorio (lato Fori ciclabile)",
        "quartiere": "Aventino",
        "municipio": "I",
        "classificazione": "verde",
        "score": 1,
        "ciclabile": "si",
        "n_corsie": 0,
        "senso_unico": "no",
        "n_testimonianze": 1,
        "note": "ciclabile presente su marciapiede - segnalazione @Sim1_71"
      }
    },
    {
      "type": "Feature",
      "geometry": null,
      "properties": {
        "id": "SS-ROM-0266",
        "nome": "Piazza di Porta Capena",
        "quartiere": "Aventino",
        "municipio": "I",
        "classificazione": "rosso",
        "score": 4,
        "ciclabile": "no",
        "n_corsie": 0,
        "senso_unico": "no",
        "n_testimonianze": 1,
        "note": "ciclabile cancellata molti flussi veicolari intersecanti - segnalazione @Sim1_71"
      }
    },
    {
      "type": "Feature",
      "geometry": null,
      "properties": {
        "id": "SS-ROM-0267",
        "nome": "Viale della Piramide Cestia",
        "quartiere": "Ostiense",
        "municipio": "I",
        "classificazione": "verde",
        "score": 1,
        "ciclabile": "si",
        "n_corsie": 0,
        "senso_unico": "no",
        "n_testimonianze": 1,
        "note": "pista ciclabile presente - segnalazione @Sim1_71"
      }
    },
    {
      "type": "Feature",
      "geometry": null,
      "properties": {
        "id": "SS-ROM-0268",
        "nome": "Piazza di Porta San Paolo",
        "quartiere": "Ostiense",
        "municipio": "I",
        "classificazione": "nero",
        "score": 5,
        "ciclabile": "si",
        "n_corsie": 0,
        "senso_unico": "no",
        "n_testimonianze": 1,
        "note": "molti flussi veicolari intersecanti anche se presente ciclabile - segnalazione @Sim1_71"
      }
    },
    {
      "type": "Feature",
      "geometry": null,
      "properties": {
        "id": "SS-ROM-0269",
        "nome": "Via Ostiense (tratto Porto Fluviale-Piazzale Ostiense)",
        "quartiere": "Ostiense",
        "municipio": "VIII",
        "classificazione": "rosso",
        "score": 4,
        "ciclabile": "no",
        "n_corsie": 4,
        "senso_unico": "no",
        "n_testimonianze": 1,
        "note": "traffico intenso nessuna ciclabile - segnalazione @Sim1_71"
      }
    },
    {
      "type": "Feature",
      "geometry": {
        "type": "Point",
        "coordinates": [
          12.4809768,
          41.8722373
        ]
      },
      "properties": {
        "id": "SS-ROM-0270",
        "nome": "Via Pellegrino Matteucci",
        "quartiere": "Ostiense",
        "municipio": "VIII",
        "classificazione": "giallo",
        "score": 3,
        "ciclabile": "no",
        "n_corsie": 2,
        "senso_unico": "no",
        "n_testimonianze": 2,
        "note": "strada urbana traffico contenuto - segnalazione @Sim1_71"
      }
    },
    {
      "type": "Feature",
      "geometry": {
        "type": "Point",
        "coordinates": [
          12.515262,
          41.896591
        ]
      },
      "properties": {
        "id": "SS-ROM-0271",
        "nome": "Via dei Latini",
        "quartiere": "Nomentano",
        "municipio": "II",
        "classificazione": "blu",
        "score": 2,
        "ciclabile": "no",
        "n_corsie": 2,
        "senso_unico": "no",
        "n_testimonianze": 2,
        "note": "strada urbana traffico contenuto - segnalazione Nikolai.fissenko. Ricolorato da giallo a blu in base a 1 segnalazioni reali (ultima: 2026-06-18T14:54)."
      }
    },
    {
      "type": "Feature",
      "geometry": {
        "type": "Point",
        "coordinates": [
          12.514025,
          41.894975
        ]
      },
      "properties": {
        "id": "SS-ROM-0272",
        "nome": "Via dei Marsi",
        "quartiere": "Nomentano",
        "municipio": "II",
        "classificazione": "giallo",
        "score": 3,
        "ciclabile": "no",
        "n_corsie": 2,
        "senso_unico": "no",
        "n_testimonianze": 3,
        "note": "strada urbana traffico contenuto - segnalazione Nikolai.fissenko"
      }
    },
    {
      "type": "Feature",
      "geometry": {
        "type": "Point",
        "coordinates": [
          12.4693385,
          41.9239857
        ]
      },
      "properties": {
        "id": "SS-ROM-0273",
        "nome": "Via Giovanni Battista Tiepolo",
        "quartiere": "Flaminio",
        "municipio": "II",
        "classificazione": "giallo",
        "score": 3,
        "ciclabile": "no",
        "n_corsie": 2,
        "senso_unico": "no",
        "n_testimonianze": 1,
        "note": "traffico locale - segnalazione @Sim1_71"
      }
    },
    {
      "type": "Feature",
      "geometry": {
        "type": "Point",
        "coordinates": [
          12.4697595,
          41.9228594
        ]
      },
      "properties": {
        "id": "SS-ROM-0274",
        "nome": "Via Antonio Allegri da Correggio",
        "quartiere": "Flaminio",
        "municipio": "II",
        "classificazione": "giallo",
        "score": 3,
        "ciclabile": "no",
        "n_corsie": 2,
        "senso_unico": "no",
        "n_testimonianze": 1,
        "note": "traffico locale - segnalazione @Sim1_71"
      }
    },
    {
      "type": "Feature",
      "geometry": {
        "type": "Point",
        "coordinates": [
          12.4598203,
          41.9265303
        ]
      },
      "properties": {
        "id": "SS-ROM-0275",
        "nome": "Ponte della Musica Armando Trovajoli",
        "quartiere": "Flaminio",
        "municipio": "II",
        "classificazione": "blu",
        "score": 2,
        "ciclabile": "no",
        "n_corsie": 0,
        "senso_unico": "no",
        "n_testimonianze": 1,
        "note": "ponte ciclopedonale - segnalazione @Sim1_71"
      }
    },
    {
      "type": "Feature",
      "geometry": {
        "type": "Point",
        "coordinates": [
          12.4618571,
          41.9268687
        ]
      },
      "properties": {
        "id": "SS-ROM-0276",
        "nome": "Piazza Gentile da Fabriano",
        "quartiere": "Flaminio",
        "municipio": "II",
        "classificazione": "giallo",
        "score": 3,
        "ciclabile": "no",
        "n_corsie": 2,
        "senso_unico": "no",
        "n_testimonianze": 1,
        "note": "traffico locale - segnalazione @Sim1_71"
      }
    },
    {
      "type": "Feature",
      "geometry": {
        "type": "Point",
        "coordinates": [
          12.4663583,
          41.9279085
        ]
      },
      "properties": {
        "id": "SS-ROM-0277",
        "nome": "Via Guido Reni",
        "quartiere": "Flaminio",
        "municipio": "II",
        "classificazione": "verde",
        "score": 1,
        "ciclabile": "si",
        "n_corsie": 0,
        "senso_unico": "no",
        "n_testimonianze": 2,
        "note": "nuova ciclabile GRAB confermata"
      }
    },
    {
      "type": "Feature",
      "geometry": {
        "type": "Point",
        "coordinates": [
          12.4639673,
          41.9266739
        ]
      },
      "properties": {
        "id": "SS-ROM-0278",
        "nome": "Via Pier della Francesca",
        "quartiere": "Flaminio",
        "municipio": "II",
        "classificazione": "giallo",
        "score": 3,
        "ciclabile": "no",
        "n_corsie": 2,
        "senso_unico": "no",
        "n_testimonianze": 1,
        "note": "traffico locale - segnalazione @Sim1_71"
      }
    },
    {
      "type": "Feature",
      "geometry": {
        "type": "Point",
        "coordinates": [
          12.4632557,
          41.9267164
        ]
      },
      "properties": {
        "id": "SS-ROM-0279",
        "nome": "Via Andrea Bregno",
        "quartiere": "Flaminio",
        "municipio": "II",
        "classificazione": "verde",
        "score": 1,
        "ciclabile": "si",
        "n_corsie": 0,
        "senso_unico": "no",
        "n_testimonianze": 1,
        "note": "traffico locale scarso - segnalazione @Sim1_71"
      }
    },
    {
      "type": "Feature",
      "geometry": {
        "type": "Point",
        "coordinates": [
          12.4699386,
          41.9235086
        ]
      },
      "properties": {
        "id": "SS-ROM-0280",
        "nome": "Via Cesare Fracassini",
        "quartiere": "Flaminio",
        "municipio": "II",
        "classificazione": "rosso",
        "score": 4,
        "ciclabile": "no",
        "n_corsie": 4,
        "senso_unico": "no",
        "n_testimonianze": 1,
        "note": "strada molto trafficata - segnalazione @Sim1_71"
      }
    },
    {
      "type": "Feature",
      "geometry": {
        "type": "Point",
        "coordinates": [
          12.4684005,
          41.9233034
        ]
      },
      "properties": {
        "id": "SS-ROM-0281",
        "nome": "Via Donatello",
        "quartiere": "Flaminio",
        "municipio": "II",
        "classificazione": "giallo",
        "score": 3,
        "ciclabile": "no",
        "n_corsie": 2,
        "senso_unico": "no",
        "n_testimonianze": 1,
        "note": "traffico locale - segnalazione @Sim1_71"
      }
    },
    {
      "type": "Feature",
      "geometry": {
        "type": "Point",
        "coordinates": [
          12.4627251,
          41.9258097
        ]
      },
      "properties": {
        "id": "SS-ROM-0282",
        "nome": "Via Giorgio Vasari",
        "quartiere": "Flaminio",
        "municipio": "II",
        "classificazione": "verde",
        "score": 1,
        "ciclabile": "si",
        "n_corsie": 0,
        "senso_unico": "no",
        "n_testimonianze": 1,
        "note": "scarso traffico locale strada senza uscita - segnalazione @Sim1_71"
      }
    },
    {
      "type": "Feature",
      "geometry": {
        "type": "Point",
        "coordinates": [
          12.4633369,
          41.925517
        ]
      },
      "properties": {
        "id": "SS-ROM-0283",
        "nome": "Via Luca Signorelli",
        "quartiere": "Flaminio",
        "municipio": "II",
        "classificazione": "verde",
        "score": 1,
        "ciclabile": "si",
        "n_corsie": 0,
        "senso_unico": "no",
        "n_testimonianze": 1,
        "note": "scarso traffico locale - segnalazione @Sim1_71"
      }
    },
    {
      "type": "Feature",
      "geometry": {
        "type": "Point",
        "coordinates": [
          12.463008,
          41.925279
        ]
      },
      "properties": {
        "id": "SS-ROM-0284",
        "nome": "Via Francesco Milizia",
        "quartiere": "Flaminio",
        "municipio": "II",
        "classificazione": "verde",
        "score": 1,
        "ciclabile": "si",
        "n_corsie": 0,
        "senso_unico": "no",
        "n_testimonianze": 1,
        "note": "scarso traffico locale - segnalazione @Sim1_71"
      }
    },
    {
      "type": "Feature",
      "geometry": {
        "type": "Point",
        "coordinates": [
          12.4637974,
          41.9250011
        ]
      },
      "properties": {
        "id": "SS-ROM-0285",
        "nome": "Via Virginio Vespignani",
        "quartiere": "Flaminio",
        "municipio": "II",
        "classificazione": "giallo",
        "score": 3,
        "ciclabile": "no",
        "n_corsie": 2,
        "senso_unico": "no",
        "n_testimonianze": 1,
        "note": "traffico locale - segnalazione @Sim1_71"
      }
    },
    {
      "type": "Feature",
      "geometry": {
        "type": "Point",
        "coordinates": [
          12.4656638,
          41.9247199
        ]
      },
      "properties": {
        "id": "SS-ROM-0286",
        "nome": "Via Raffaele Stern",
        "quartiere": "Flaminio",
        "municipio": "II",
        "classificazione": "giallo",
        "score": 3,
        "ciclabile": "no",
        "n_corsie": 2,
        "senso_unico": "no",
        "n_testimonianze": 1,
        "note": "traffico locale - segnalazione @Sim1_71"
      }
    },
    {
      "type": "Feature",
      "geometry": {
        "type": "Point",
        "coordinates": [
          12.4645372,
          41.9245436
        ]
      },
      "properties": {
        "id": "SS-ROM-0287",
        "nome": "Via Masolino da Panicale",
        "quartiere": "Flaminio",
        "municipio": "II",
        "classificazione": "verde",
        "score": 1,
        "ciclabile": "si",
        "n_corsie": 0,
        "senso_unico": "no",
        "n_testimonianze": 1,
        "note": "scarso traffico locale - segnalazione @Sim1_71"
      }
    },
    {
      "type": "Feature",
      "geometry": {
        "type": "Point",
        "coordinates": [
          12.4652294,
          41.9247873
        ]
      },
      "properties": {
        "id": "SS-ROM-0288",
        "nome": "Via Girolamo Muziano",
        "quartiere": "Flaminio",
        "municipio": "II",
        "classificazione": "verde",
        "score": 1,
        "ciclabile": "si",
        "n_corsie": 0,
        "senso_unico": "no",
        "n_testimonianze": 1,
        "note": "scarso traffico locale - segnalazione @Sim1_71"
      }
    },
    {
      "type": "Feature",
      "geometry": {
        "type": "Point",
        "coordinates": [
          12.4647365,
          41.9250673
        ]
      },
      "properties": {
        "id": "SS-ROM-0289",
        "nome": "Piazza Perin del Vaga",
        "quartiere": "Flaminio",
        "municipio": "II",
        "classificazione": "blu",
        "score": 2,
        "ciclabile": "no",
        "n_corsie": 0,
        "senso_unico": "no",
        "n_testimonianze": 1,
        "note": "area pedonale - segnalazione @Sim1_71"
      }
    },
    {
      "type": "Feature",
      "geometry": {
        "type": "Point",
        "coordinates": [
          12.4645731,
          41.9256239
        ]
      },
      "properties": {
        "id": "SS-ROM-0290",
        "nome": "Piazza Melozzo da Forli",
        "quartiere": "Flaminio",
        "municipio": "II",
        "classificazione": "giallo",
        "score": 3,
        "ciclabile": "no",
        "n_corsie": 2,
        "senso_unico": "no",
        "n_testimonianze": 1,
        "note": "traffico locale - segnalazione @Sim1_71"
      }
    },
    {
      "type": "Feature",
      "geometry": {
        "type": "Point",
        "coordinates": [
          12.521947,
          41.9326912
        ]
      },
      "properties": {
        "id": "SS-ROM-0291",
        "nome": "Viale Etiopia",
        "quartiere": "Trieste",
        "municipio": "II",
        "classificazione": "rosso",
        "score": 4,
        "ciclabile": "no",
        "n_corsie": 4,
        "senso_unico": "no",
        "n_testimonianze": 1,
        "note": "arteria trafficata nessuna ciclabile - segnalazione anonimo"
      }
    },
    {
      "type": "Feature",
      "geometry": {
        "type": "Point",
        "coordinates": [
          12.521238,
          41.933518
        ]
      },
      "properties": {
        "id": "SS-ROM-0292",
        "nome": "Via delle Valli",
        "quartiere": "Montesacro",
        "municipio": "III",
        "classificazione": "rosso",
        "score": 4,
        "ciclabile": "no",
        "n_corsie": 4,
        "senso_unico": "no",
        "n_testimonianze": 2,
        "note": "arteria trafficata nessuna ciclabile - segnalazione Nikolai"
      }
    },
    {
      "type": "Feature",
      "geometry": null,
      "properties": {
        "id": "SS-ROM-0293",
        "nome": "Via dei Prati Fiscali (tratto nero)",
        "quartiere": "Tufello",
        "municipio": "III",
        "classificazione": "nero",
        "score": 5,
        "ciclabile": "no",
        "n_corsie": 4,
        "senso_unico": "no",
        "n_testimonianze": 1,
        "note": "multicarreggiata pericolosa - segnalazione anonimo"
      }
    },
    {
      "type": "Feature",
      "geometry": {
        "type": "Point",
        "coordinates": [
          12.5140755,
          41.9483471
        ]
      },
      "properties": {
        "id": "SS-ROM-0294",
        "nome": "Via Cavriglia",
        "quartiere": "Val Melaina",
        "municipio": "III",
        "classificazione": "rosso",
        "score": 4,
        "ciclabile": "no",
        "n_corsie": 4,
        "senso_unico": "no",
        "n_testimonianze": 1,
        "note": "arteria trafficata nessuna ciclabile - segnalazione anonimo"
      }
    },
    {
      "type": "Feature",
      "geometry": {
        "type": "Point",
        "coordinates": [
          12.5206317,
          41.9513859
        ]
      },
      "properties": {
        "id": "SS-ROM-0295",
        "nome": "Via Piero Foscari",
        "quartiere": "Val Melaina",
        "municipio": "III",
        "classificazione": "giallo",
        "score": 3,
        "ciclabile": "no",
        "n_corsie": 2,
        "senso_unico": "no",
        "n_testimonianze": 1,
        "note": "traffico contenuto - segnalazione anonimo"
      }
    },
    {
      "type": "Feature",
      "geometry": null,
      "properties": {
        "id": "SS-ROM-0296",
        "nome": "Via Torino",
        "quartiere": "Esquilino",
        "municipio": "I",
        "classificazione": "giallo",
        "score": 3,
        "ciclabile": "no",
        "n_corsie": 1,
        "senso_unico": "si",
        "n_testimonianze": 1,
        "note": "senso unico tranquillo fino via Viminale poi trafficato per doppia fila - segnalazione @hyperpigno"
      }
    },
    {
      "type": "Feature",
      "geometry": null,
      "properties": {
        "id": "SS-ROM-0297",
        "nome": "Via dell Esquilino",
        "quartiere": "Esquilino",
        "municipio": "I",
        "classificazione": "rosso",
        "score": 4,
        "ciclabile": "no",
        "n_corsie": 4,
        "senso_unico": "no",
        "n_testimonianze": 1,
        "note": "ipertrafficata nessuna ciclabile - segnalazione @hyperpigno"
      }
    },
    {
      "type": "Feature",
      "geometry": {
        "type": "Point",
        "coordinates": [
          12.5492521,
          41.8776154
        ]
      },
      "properties": {
        "id": "SS-ROM-0298",
        "nome": "Via Casilina",
        "quartiere": "Tuscolano",
        "municipio": "VII",
        "classificazione": "rosso",
        "score": 4,
        "ciclabile": "no",
        "n_corsie": 4,
        "senso_unico": "no",
        "n_testimonianze": 3,
        "note": "traffico veloce punto poco visibile sotto ponte - segnalazione @nomad_valentine"
      }
    },
    {
      "type": "Feature",
      "geometry": null,
      "properties": {
        "id": "SS-ROM-0299",
        "nome": "Piazzale Labicano",
        "quartiere": "Tuscolano",
        "municipio": "VII",
        "classificazione": "rosso",
        "score": 4,
        "ciclabile": "no",
        "n_corsie": 0,
        "senso_unico": "no",
        "n_testimonianze": 1,
        "note": "svincolo trafficato esperienza necessaria per incanalarsi - segnalazione @nomad_valentine"
      }
    },
    {
      "type": "Feature",
      "geometry": null,
      "properties": {
        "id": "SS-ROM-0300",
        "nome": "Viale Carlo Felice",
        "quartiere": "San Giovanni",
        "municipio": "I",
        "classificazione": "giallo",
        "score": 3,
        "ciclabile": "no",
        "n_corsie": 2,
        "senso_unico": "no",
        "n_testimonianze": 1,
        "note": "poco traffico - segnalazione @nomad_valentine"
      }
    },
    {
      "type": "Feature",
      "geometry": {
        "type": "Point",
        "coordinates": [
          12.531115,
          41.8840024
        ]
      },
      "properties": {
        "id": "SS-ROM-0301",
        "nome": "Via del Mandrione (tratto giallo)",
        "quartiere": "Tuscolano",
        "municipio": "VII",
        "classificazione": "giallo",
        "score": 3,
        "ciclabile": "no",
        "n_corsie": 1,
        "senso_unico": "no",
        "n_testimonianze": 1,
        "note": "poche macchine in alcuni tratti assenti - segnalazione @nomad_valentine"
      }
    },
    {
      "type": "Feature",
      "geometry": {
        "type": "Point",
        "coordinates": [
          12.4673457,
          41.8811856
        ]
      },
      "properties": {
        "id": "SS-ROM-0302",
        "nome": "Piazza Ippolito Nievo",
        "quartiere": "Monteverde",
        "municipio": "XII",
        "classificazione": "verde",
        "score": 1,
        "ciclabile": "si",
        "n_corsie": 0,
        "senso_unico": "no",
        "n_testimonianze": 1,
        "note": "area verde bike friendly - segnalazione @luca.tentorio"
      }
    },
    {
      "type": "Feature",
      "geometry": {
        "type": "Point",
        "coordinates": [
          12.527701,
          41.8887783
        ]
      },
      "properties": {
        "id": "SS-ROM-0303",
        "nome": "Circonvallazione Casilina",
        "quartiere": "Prenestino",
        "municipio": "V",
        "classificazione": "nero",
        "score": 5,
        "ciclabile": "no",
        "n_corsie": 4,
        "senso_unico": "no",
        "n_testimonianze": 2,
        "note": "stretta causa lavori macchine veloci - segnalazione @nomad_valentine. Ricolorato da rosso a nero in base a 1 segnalazioni reali (ultima: 2026-06-09T03:03)."
      }
    },
    {
      "type": "Feature",
      "geometry": null,
      "properties": {
        "id": "SS-ROM-0304",
        "nome": "Lungotevere di Pietra Papa",
        "quartiere": "Marconi",
        "municipio": "XI",
        "classificazione": "verde",
        "score": 1,
        "ciclabile": "si",
        "n_corsie": 0,
        "senso_unico": "no",
        "n_testimonianze": 2,
        "note": "pista ciclabile presente"
      }
    },
    {
      "type": "Feature",
      "geometry": {
        "type": "Point",
        "coordinates": [
          12.4793471,
          41.8541026
        ]
      },
      "properties": {
        "id": "SS-ROM-0305",
        "nome": "Via Gabriello Chiabrera",
        "quartiere": "Ostiense",
        "municipio": "VIII",
        "classificazione": "rosso",
        "score": 4,
        "ciclabile": "no",
        "n_corsie": 4,
        "senso_unico": "no",
        "n_testimonianze": 1,
        "note": "arteria trafficata nessuna ciclabile - segnalazione @luca.tentorio"
      }
    },
    {
      "type": "Feature",
      "geometry": {
        "type": "Point",
        "coordinates": [
          12.4770918,
          41.8521547
        ]
      },
      "properties": {
        "id": "SS-ROM-0306",
        "nome": "Via Silvio D Amico",
        "quartiere": "Ostiense",
        "municipio": "VIII",
        "classificazione": "giallo",
        "score": 3,
        "ciclabile": "no",
        "n_corsie": 2,
        "senso_unico": "no",
        "n_testimonianze": 1,
        "note": "traffico contenuto - segnalazione @luca.tentorio"
      }
    },
    {
      "type": "Feature",
      "geometry": {
        "type": "Point",
        "coordinates": [
          12.4804039,
          41.8548399
        ]
      },
      "properties": {
        "id": "SS-ROM-0307",
        "nome": "Viale Leonardo da Vinci",
        "quartiere": "Ostiense",
        "municipio": "VIII",
        "classificazione": "giallo",
        "score": 3,
        "ciclabile": "no",
        "n_corsie": 2,
        "senso_unico": "no",
        "n_testimonianze": 1,
        "note": "traffico contenuto - segnalazione @luca.tentorio"
      }
    },
    {
      "type": "Feature",
      "geometry": {
        "type": "Point",
        "coordinates": [
          12.5310572,
          41.8893637
        ]
      },
      "properties": {
        "id": "SS-ROM-0308",
        "nome": "Via Giovanni Brancaleone",
        "quartiere": "Prenestino",
        "municipio": "V",
        "classificazione": "giallo",
        "score": 3,
        "ciclabile": "no",
        "n_corsie": 2,
        "senso_unico": "no",
        "n_testimonianze": 1,
        "note": "poco traffico - segnalazione @nomad_valentine"
      }
    },
    {
      "type": "Feature",
      "geometry": {
        "type": "Point",
        "coordinates": [
          12.4763738,
          41.8385275
        ]
      },
      "properties": {
        "id": "SS-ROM-0309",
        "nome": "Via delle Tre Fontane (tratto verde)",
        "quartiere": "EUR",
        "municipio": "IX",
        "classificazione": "verde",
        "score": 1,
        "ciclabile": "si",
        "n_corsie": 0,
        "senso_unico": "no",
        "n_testimonianze": 1,
        "note": "ciclabile presente su tratto specifico - segnalazione @luca.tentorio"
      }
    },
    {
      "type": "Feature",
      "geometry": {
        "type": "Point",
        "coordinates": [
          12.4639859,
          41.8323447
        ]
      },
      "properties": {
        "id": "SS-ROM-0310",
        "nome": "Viale Europa",
        "quartiere": "EUR",
        "municipio": "IX",
        "classificazione": "rosso",
        "score": 4,
        "ciclabile": "no",
        "n_corsie": 4,
        "senso_unico": "no",
        "n_testimonianze": 1,
        "note": "arteria trafficata EUR nessuna ciclabile - segnalazione @luca.tentorio"
      }
    },
    {
      "type": "Feature",
      "geometry": {
        "type": "Point",
        "coordinates": [
          12.5303144,
          41.8897694
        ]
      },
      "properties": {
        "id": "SS-ROM-0311",
        "nome": "Via Fanfulla da Lodi",
        "quartiere": "Prenestino",
        "municipio": "V",
        "classificazione": "giallo",
        "score": 3,
        "ciclabile": "no",
        "n_corsie": 2,
        "senso_unico": "no",
        "n_testimonianze": 1,
        "note": "poco traffico spazio per accostare - segnalazione @nomad_valentine"
      }
    },
    {
      "type": "Feature",
      "geometry": null,
      "properties": {
        "id": "SS-ROM-0312",
        "nome": "Via Olevano Romano",
        "quartiere": "Centocelle",
        "municipio": "V",
        "classificazione": "giallo",
        "score": 3,
        "ciclabile": "no",
        "n_corsie": 2,
        "senso_unico": "no",
        "n_testimonianze": 1,
        "note": "no ciclabile strada tranquilla - segnalazione @smiorodno"
      }
    },
    {
      "type": "Feature",
      "geometry": {
        "type": "Point",
        "coordinates": [
          12.5581617,
          41.8902434
        ]
      },
      "properties": {
        "id": "SS-ROM-0313",
        "nome": "Via Anagni",
        "quartiere": "Centocelle",
        "municipio": "V",
        "classificazione": "rosso",
        "score": 4,
        "ciclabile": "no",
        "n_corsie": 4,
        "senso_unico": "no",
        "n_testimonianze": 1,
        "note": "abbastanza trafficata no ciclabile - segnalazione @smiorodno"
      }
    },
    {
      "type": "Feature",
      "geometry": {
        "type": "Point",
        "coordinates": [
          12.5609555,
          41.8828883
        ]
      },
      "properties": {
        "id": "SS-ROM-0314",
        "nome": "Viale della Primavera",
        "quartiere": "Prenestino",
        "municipio": "V",
        "classificazione": "rosso",
        "score": 4,
        "ciclabile": "no",
        "n_corsie": 4,
        "senso_unico": "no",
        "n_testimonianze": 1,
        "note": "abbastanza trafficata no ciclabile - segnalazione @smiorodno"
      }
    },
    {
      "type": "Feature",
      "geometry": {
        "type": "Point",
        "coordinates": [
          12.5728741,
          41.8951392
        ]
      },
      "properties": {
        "id": "SS-ROM-0315",
        "nome": "Via Prenestina (tratto verde Centocelle)",
        "quartiere": "Centocelle",
        "municipio": "V",
        "classificazione": "verde",
        "score": 1,
        "ciclabile": "si",
        "n_corsie": 4,
        "senso_unico": "no",
        "n_testimonianze": 1,
        "note": "ciclabile presente percorsa regolarmente auto rare sopra - segnalazione @smiorodno"
      }
    },
    {
      "type": "Feature",
      "geometry": {
        "type": "Point",
        "coordinates": [
          12.5084495,
          41.8922831
        ]
      },
      "properties": {
        "id": "SS-ROM-0316",
        "nome": "Via Conte Verde",
        "quartiere": "Esquilino",
        "municipio": "I",
        "classificazione": "rosso",
        "score": 4,
        "ciclabile": "no",
        "n_corsie": 4,
        "senso_unico": "no",
        "n_testimonianze": 2,
        "note": "arteria trafficata nessuna ciclabile"
      }
    },
    {
      "type": "Feature",
      "geometry": {
        "type": "Point",
        "coordinates": [
          12.5242706,
          41.8778747
        ]
      },
      "properties": {
        "id": "SS-ROM-0317",
        "nome": "Via Tuscolana",
        "quartiere": "Tuscolano",
        "municipio": "VII",
        "classificazione": "verde",
        "score": 1,
        "ciclabile": "si",
        "n_corsie": 4,
        "senso_unico": "no",
        "n_testimonianze": 1,
        "note": "ciclabile presente - segnalazione Nikolai"
      }
    },
    {
      "type": "Feature",
      "geometry": null,
      "properties": {
        "id": "SS-ROM-0318",
        "nome": "Via Francesco Siano",
        "quartiere": "Esquilino",
        "municipio": "I",
        "classificazione": "rosso",
        "score": 4,
        "ciclabile": "no",
        "n_corsie": 2,
        "senso_unico": "no",
        "n_testimonianze": 1,
        "note": "due corsie doppia fila traffico veloce - segnalazione @arthemis_gard"
      }
    },
    {
      "type": "Feature",
      "geometry": null,
      "properties": {
        "id": "SS-ROM-0319",
        "nome": "Via di Santa Croce in Gerusalemme",
        "quartiere": "San Giovanni",
        "municipio": "I",
        "classificazione": "rosso",
        "score": 4,
        "ciclabile": "no",
        "n_corsie": 2,
        "senso_unico": "no",
        "n_testimonianze": 1,
        "note": "trafficata nessun arredo che impedisca doppia fila o alta velocita - segnalazione @hyperpigno"
      }
    },
    {
      "type": "Feature",
      "geometry": {
        "type": "Point",
        "coordinates": [
          12.5087191,
          41.8901416
        ]
      },
      "properties": {
        "id": "SS-ROM-0320",
        "nome": "Via San Quintino",
        "quartiere": "Esquilino",
        "municipio": "I",
        "classificazione": "giallo",
        "score": 3,
        "ciclabile": "no",
        "n_corsie": 1,
        "senso_unico": "si",
        "n_testimonianze": 1,
        "note": "senso unico non trafficato ma doppia fila fondo irregolare - segnalazione @hyperpigno"
      }
    },
    {
      "type": "Feature",
      "geometry": null,
      "properties": {
        "id": "SS-ROM-0321",
        "nome": "Viale Manzoni",
        "quartiere": "San Giovanni",
        "municipio": "I",
        "classificazione": "rosso",
        "score": 4,
        "ciclabile": "no",
        "n_corsie": 4,
        "senso_unico": "no",
        "n_testimonianze": 1,
        "note": "traffico disordinato velocita oltre limiti nessuna ciclabile - segnalazione @hyperpigno"
      }
    },
    {
      "type": "Feature",
      "geometry": null,
      "properties": {
        "id": "SS-ROM-0322",
        "nome": "Via Labicana",
        "quartiere": "Celio",
        "municipio": "I",
        "classificazione": "rosso",
        "score": 4,
        "ciclabile": "no",
        "n_corsie": 4,
        "senso_unico": "no",
        "n_testimonianze": 1,
        "note": "trafficata spesso molto trafficata nessuna ciclabile - segnalazione @hyperpigno"
      }
    },
    {
      "type": "Feature",
      "geometry": null,
      "properties": {
        "id": "SS-ROM-0323",
        "nome": "Piazza dei Santi Apostoli",
        "quartiere": "Centro Storico",
        "municipio": "I",
        "classificazione": "giallo",
        "score": 3,
        "ciclabile": "no",
        "n_corsie": 1,
        "senso_unico": "si",
        "n_testimonianze": 1,
        "note": "senso unico senza ciclabile - segnalazione @hyperpigno"
      }
    },
    {
      "type": "Feature",
      "geometry": null,
      "properties": {
        "id": "SS-ROM-0324",
        "nome": "Via di San Marcello",
        "quartiere": "Centro Storico",
        "municipio": "I",
        "classificazione": "giallo",
        "score": 3,
        "ciclabile": "no",
        "n_corsie": 1,
        "senso_unico": "si",
        "n_testimonianze": 1,
        "note": "senso unico senza ciclabile - segnalazione @hyperpigno"
      }
    },
    {
      "type": "Feature",
      "geometry": null,
      "properties": {
        "id": "SS-ROM-0325",
        "nome": "Via Peralba",
        "quartiere": "Montesacro",
        "municipio": "III",
        "classificazione": "giallo",
        "score": 3,
        "ciclabile": "no",
        "n_corsie": 2,
        "senso_unico": "no",
        "n_testimonianze": 1,
        "note": "traffico locale - segnalazione @Sim1_71"
      }
    },
    {
      "type": "Feature",
      "geometry": null,
      "properties": {
        "id": "SS-ROM-0326",
        "nome": "Via Monte Altissimo",
        "quartiere": "Montesacro",
        "municipio": "III",
        "classificazione": "verde",
        "score": 1,
        "ciclabile": "no",
        "n_corsie": 1,
        "senso_unico": "no",
        "n_testimonianze": 1,
        "note": "no ciclabile traffico locale quasi nullo - segnalazione @Sim1_71"
      }
    },
    {
      "type": "Feature",
      "geometry": null,
      "properties": {
        "id": "SS-ROM-0327",
        "nome": "Viale Carnaro",
        "quartiere": "Montesacro",
        "municipio": "III",
        "classificazione": "rosso",
        "score": 4,
        "ciclabile": "no",
        "n_corsie": 4,
        "senso_unico": "no",
        "n_testimonianze": 2,
        "note": "traffico intenso e veloce"
      }
    },
    {
      "type": "Feature",
      "geometry": null,
      "properties": {
        "id": "SS-ROM-0328",
        "nome": "Via Brennero",
        "quartiere": "Montesacro",
        "municipio": "III",
        "classificazione": "verde",
        "score": 1,
        "ciclabile": "no",
        "n_corsie": 1,
        "senso_unico": "no",
        "n_testimonianze": 2,
        "note": "no ciclabile traffico locale quasi nullo"
      }
    },
    {
      "type": "Feature",
      "geometry": {
        "type": "Point",
        "coordinates": [
          12.477057,
          41.907371
        ]
      },
      "properties": {
        "id": "SS-ROM-0329",
        "nome": "Via Antonio Canova",
        "quartiere": "Flaminio",
        "municipio": "I",
        "classificazione": "blu",
        "score": 2,
        "ciclabile": "no",
        "n_corsie": 1,
        "senso_unico": "si",
        "n_testimonianze": 2,
        "note": "senso unico - segnalazione Nikolai. Ricolorato da giallo a blu in base a 1 segnalazioni reali (ultima: 2026-06-17T05:08)."
      }
    },
    {
      "type": "Feature",
      "geometry": null,
      "properties": {
        "id": "SS-ROM-0330",
        "nome": "Viale Pantelleria",
        "quartiere": "Montesacro",
        "municipio": "III",
        "classificazione": "rosso",
        "score": 4,
        "ciclabile": "no",
        "n_corsie": 4,
        "senso_unico": "no",
        "n_testimonianze": 1,
        "note": "arteria trafficata nessuna ciclabile"
      }
    },
    {
      "type": "Feature",
      "geometry": null,
      "properties": {
        "id": "SS-ROM-0331",
        "nome": "Via Monte Bianco",
        "quartiere": "Montesacro",
        "municipio": "III",
        "classificazione": "rosso",
        "score": 4,
        "ciclabile": "no",
        "n_corsie": 4,
        "senso_unico": "no",
        "n_testimonianze": 1,
        "note": "arteria trafficata nessuna ciclabile"
      }
    },
    {
      "type": "Feature",
      "geometry": null,
      "properties": {
        "id": "SS-ROM-0332",
        "nome": "Via Monginevra",
        "quartiere": "Montesacro",
        "municipio": "III",
        "classificazione": "rosso",
        "score": 4,
        "ciclabile": "no",
        "n_corsie": 4,
        "senso_unico": "no",
        "n_testimonianze": 1,
        "note": "arteria trafficata nessuna ciclabile"
      }
    },
    {
      "type": "Feature",
      "geometry": null,
      "properties": {
        "id": "SS-ROM-0333",
        "nome": "Via Etna",
        "quartiere": "Montesacro",
        "municipio": "III",
        "classificazione": "giallo",
        "score": 3,
        "ciclabile": "no",
        "n_corsie": 2,
        "senso_unico": "no",
        "n_testimonianze": 1,
        "note": "poco trafficata"
      }
    },
    {
      "type": "Feature",
      "geometry": null,
      "properties": {
        "id": "SS-ROM-0334",
        "nome": "Via Col di Nava",
        "quartiere": "Montesacro",
        "municipio": "III",
        "classificazione": "giallo",
        "score": 3,
        "ciclabile": "no",
        "n_corsie": 2,
        "senso_unico": "no",
        "n_testimonianze": 1,
        "note": "poco trafficata"
      }
    },
    {
      "type": "Feature",
      "geometry": null,
      "properties": {
        "id": "SS-ROM-0335",
        "nome": "Via di Monte Sacro",
        "quartiere": "Montesacro",
        "municipio": "III",
        "classificazione": "giallo",
        "score": 3,
        "ciclabile": "no",
        "n_corsie": 2,
        "senso_unico": "no",
        "n_testimonianze": 1,
        "note": "poco trafficata"
      }
    },
    {
      "type": "Feature",
      "geometry": {
        "type": "Point",
        "coordinates": [
          12.5341296,
          41.9081358
        ]
      },
      "properties": {
        "id": "SS-ROM-0336",
        "nome": "Via di Pietralata",
        "quartiere": "Tiburtino",
        "municipio": "IV",
        "classificazione": "rosso",
        "score": 4,
        "ciclabile": "no",
        "n_corsie": 4,
        "senso_unico": "no",
        "n_testimonianze": 1,
        "note": "arteria trafficata nessuna ciclabile"
      }
    },
    {
      "type": "Feature",
      "geometry": {
        "type": "Point",
        "coordinates": [
          12.5158601,
          41.9386533
        ]
      },
      "properties": {
        "id": "SS-ROM-0337",
        "nome": "Via Pietro Mascagni",
        "quartiere": "Trieste",
        "municipio": "II",
        "classificazione": "giallo",
        "score": 3,
        "ciclabile": "no",
        "n_corsie": 2,
        "senso_unico": "no",
        "n_testimonianze": 1,
        "note": "traffico contenuto"
      }
    },
    {
      "type": "Feature",
      "geometry": {
        "type": "Point",
        "coordinates": [
          12.5126153,
          41.9356073
        ]
      },
      "properties": {
        "id": "SS-ROM-0338",
        "nome": "Viale Somalia",
        "quartiere": "Trieste",
        "municipio": "II",
        "classificazione": "rosso",
        "score": 4,
        "ciclabile": "no",
        "n_corsie": 4,
        "senso_unico": "no",
        "n_testimonianze": 2,
        "note": "arteria trafficata nessuna ciclabile"
      }
    },
    {
      "type": "Feature",
      "geometry": {
        "type": "Point",
        "coordinates": [
          12.5171433,
          41.9298823
        ]
      },
      "properties": {
        "id": "SS-ROM-0339",
        "nome": "Viale Libia",
        "quartiere": "Trieste",
        "municipio": "II",
        "classificazione": "rosso",
        "score": 4,
        "ciclabile": "no",
        "n_corsie": 4,
        "senso_unico": "no",
        "n_testimonianze": 2,
        "note": "arteria trafficata nessuna ciclabile"
      }
    },
    {
      "type": "Feature",
      "geometry": null,
      "properties": {
        "id": "SS-ROM-0340",
        "nome": "Via Pontina",
        "quartiere": "EUR",
        "municipio": "IX",
        "classificazione": "rosso",
        "score": 4,
        "ciclabile": "no",
        "n_corsie": 4,
        "senso_unico": "no",
        "n_testimonianze": 1,
        "note": "arteria trafficata quasi autostrada urbana"
      }
    },
    {
      "type": "Feature",
      "geometry": {
        "type": "Point",
        "coordinates": [
          12.4656025,
          41.8187697
        ]
      },
      "properties": {
        "id": "SS-ROM-0341",
        "nome": "Viale dell Oceano Atlantico",
        "quartiere": "Fonte Ostiense",
        "municipio": "IX",
        "classificazione": "verde",
        "score": 1,
        "ciclabile": "si",
        "n_corsie": 0,
        "senso_unico": "no",
        "n_testimonianze": 1,
        "note": "pista ciclabile presente"
      }
    },
    {
      "type": "Feature",
      "geometry": {
        "type": "Point",
        "coordinates": [
          12.5067769,
          41.9674131
        ]
      },
      "properties": {
        "id": "SS-ROM-0342",
        "nome": "Via Cortona",
        "quartiere": "Castel Giubileo",
        "municipio": "III",
        "classificazione": "rosso",
        "score": 4,
        "ciclabile": "no",
        "n_corsie": 4,
        "senso_unico": "no",
        "n_testimonianze": 1,
        "note": "arteria trafficata nessuna ciclabile"
      }
    },
    {
      "type": "Feature",
      "geometry": {
        "type": "Point",
        "coordinates": [
          12.5157511,
          41.9771325
        ]
      },
      "properties": {
        "id": "SS-ROM-0343",
        "nome": "Via Altagnana",
        "quartiere": "Castel Giubileo",
        "municipio": "III",
        "classificazione": "verde",
        "score": 1,
        "ciclabile": "no",
        "n_corsie": 1,
        "senso_unico": "no",
        "n_testimonianze": 1,
        "note": "traffico locale scarso"
      }
    },
    {
      "type": "Feature",
      "geometry": {
        "type": "Point",
        "coordinates": [
          12.520524,
          41.978565
        ]
      },
      "properties": {
        "id": "SS-ROM-0344",
        "nome": "Via Monte Grimano",
        "quartiere": "Castel Giubileo",
        "municipio": "III",
        "classificazione": "rosso",
        "score": 4,
        "ciclabile": "no",
        "n_corsie": 4,
        "senso_unico": "no",
        "n_testimonianze": 1,
        "note": "arteria trafficata nessuna ciclabile"
      }
    },
    {
      "type": "Feature",
      "geometry": {
        "type": "Point",
        "coordinates": [
          12.5394398,
          41.9750138
        ]
      },
      "properties": {
        "id": "SS-ROM-0345",
        "nome": "Via Alberto Lionello",
        "quartiere": "Castel Giubileo",
        "municipio": "III",
        "classificazione": "verde",
        "score": 1,
        "ciclabile": "no",
        "n_corsie": 1,
        "senso_unico": "no",
        "n_testimonianze": 1,
        "note": "traffico locale scarso"
      }
    },
    {
      "type": "Feature",
      "geometry": {
        "type": "Point",
        "coordinates": [
          12.5204308,
          41.9796319
        ]
      },
      "properties": {
        "id": "SS-ROM-0346",
        "nome": "Viale Carmelo Bene",
        "quartiere": "Castel Giubileo",
        "municipio": "III",
        "classificazione": "rosso",
        "score": 4,
        "ciclabile": "no",
        "n_corsie": 4,
        "senso_unico": "no",
        "n_testimonianze": 1,
        "note": "arteria trafficata nessuna ciclabile"
      }
    },
    {
      "type": "Feature",
      "geometry": {
        "type": "Point",
        "coordinates": [
          12.5485122,
          41.9661334
        ]
      },
      "properties": {
        "id": "SS-ROM-0347",
        "nome": "Via di Settebagni",
        "quartiere": "Casal Boccone",
        "municipio": "III",
        "classificazione": "rosso",
        "score": 4,
        "ciclabile": "no",
        "n_corsie": 4,
        "senso_unico": "no",
        "n_testimonianze": 2,
        "note": "arteria trafficata nessuna ciclabile"
      }
    },
    {
      "type": "Feature",
      "geometry": null,
      "properties": {
        "id": "SS-ROM-0348",
        "nome": "Ponte Salario",
        "quartiere": "Montesacro",
        "municipio": "III",
        "classificazione": "rosso",
        "score": 4,
        "ciclabile": "no",
        "n_corsie": 4,
        "senso_unico": "no",
        "n_testimonianze": 1,
        "note": "ponte trafficato nessuna ciclabile"
      }
    },
    {
      "type": "Feature",
      "geometry": null,
      "properties": {
        "id": "SS-ROM-0349",
        "nome": "Via Val D Ala",
        "quartiere": "Montesacro",
        "municipio": "III",
        "classificazione": "verde",
        "score": 1,
        "ciclabile": "no",
        "n_corsie": 1,
        "senso_unico": "no",
        "n_testimonianze": 1,
        "note": "traffico locale scarso"
      }
    },
    {
      "type": "Feature",
      "geometry": null,
      "properties": {
        "id": "SS-ROM-0350",
        "nome": "Via Val di Lanzo",
        "quartiere": "Montesacro",
        "municipio": "III",
        "classificazione": "rosso",
        "score": 4,
        "ciclabile": "no",
        "n_corsie": 2,
        "senso_unico": "no",
        "n_testimonianze": 1,
        "note": "trafficata nessuna ciclabile"
      }
    },
    {
      "type": "Feature",
      "geometry": null,
      "properties": {
        "id": "SS-ROM-0351",
        "nome": "Via del Casale Giuliani",
        "quartiere": "Montesacro",
        "municipio": "III",
        "classificazione": "giallo",
        "score": 3,
        "ciclabile": "no",
        "n_corsie": 2,
        "senso_unico": "no",
        "n_testimonianze": 1,
        "note": "poco trafficata"
      }
    },
    {
      "type": "Feature",
      "geometry": null,
      "properties": {
        "id": "SS-ROM-0352",
        "nome": "Piazza Conca d Oro",
        "quartiere": "Montesacro",
        "municipio": "III",
        "classificazione": "verde",
        "score": 1,
        "ciclabile": "si",
        "n_corsie": 0,
        "senso_unico": "no",
        "n_testimonianze": 1,
        "note": "ciclabile nuova attraversa la piazza"
      }
    },
    {
      "type": "Feature",
      "geometry": null,
      "properties": {
        "id": "SS-ROM-0353",
        "nome": "Via Valle Martello",
        "quartiere": "Montesacro",
        "municipio": "III",
        "classificazione": "giallo",
        "score": 3,
        "ciclabile": "no",
        "n_corsie": 2,
        "senso_unico": "no",
        "n_testimonianze": 1,
        "note": "poco trafficata"
      }
    },
    {
      "type": "Feature",
      "geometry": null,
      "properties": {
        "id": "SS-ROM-0354",
        "nome": "Via Val Sillaro",
        "quartiere": "Montesacro",
        "municipio": "III",
        "classificazione": "giallo",
        "score": 3,
        "ciclabile": "no",
        "n_corsie": 2,
        "senso_unico": "no",
        "n_testimonianze": 1,
        "note": "poco trafficata"
      }
    },
    {
      "type": "Feature",
      "geometry": null,
      "properties": {
        "id": "SS-ROM-0355",
        "nome": "Via Val Varaita",
        "quartiere": "Montesacro",
        "municipio": "III",
        "classificazione": "giallo",
        "score": 3,
        "ciclabile": "no",
        "n_corsie": 2,
        "senso_unico": "no",
        "n_testimonianze": 1,
        "note": "poco trafficata"
      }
    },
    {
      "type": "Feature",
      "geometry": null,
      "properties": {
        "id": "SS-ROM-0356",
        "nome": "Via Val Santerno",
        "quartiere": "Montesacro",
        "municipio": "III",
        "classificazione": "rosso",
        "score": 4,
        "ciclabile": "no",
        "n_corsie": 1,
        "senso_unico": "si",
        "n_testimonianze": 1,
        "note": "senso unico traffico intenso"
      }
    },
    {
      "type": "Feature",
      "geometry": {
        "type": "Point",
        "coordinates": [
          12.4705324,
          41.8754297
        ]
      },
      "properties": {
        "id": "SS-ROM-0357",
        "nome": "Ponte Testaccio",
        "quartiere": "Testaccio",
        "municipio": "I",
        "classificazione": "rosso",
        "score": 4,
        "ciclabile": "no",
        "n_corsie": 4,
        "senso_unico": "no",
        "n_testimonianze": 1,
        "note": "arteria trafficata nessuna ciclabile"
      }
    },
    {
      "type": "Feature",
      "geometry": {
        "type": "Point",
        "coordinates": [
          12.474894,
          41.8770373
        ]
      },
      "properties": {
        "id": "SS-ROM-0358",
        "nome": "Via Galvani",
        "quartiere": "Testaccio",
        "municipio": "I",
        "classificazione": "rosso",
        "score": 4,
        "ciclabile": "no",
        "n_corsie": 4,
        "senso_unico": "no",
        "n_testimonianze": 1,
        "note": "arteria trafficata nessuna ciclabile"
      }
    },
    {
      "type": "Feature",
      "geometry": {
        "type": "Point",
        "coordinates": [
          12.4728716,
          41.8779218
        ]
      },
      "properties": {
        "id": "SS-ROM-0359",
        "nome": "Via Beniamino Franklin",
        "quartiere": "Testaccio",
        "municipio": "I",
        "classificazione": "verde",
        "score": 1,
        "ciclabile": "no",
        "n_corsie": 1,
        "senso_unico": "no",
        "n_testimonianze": 1,
        "note": "traffico locale scarso"
      }
    },
    {
      "type": "Feature",
      "geometry": {
        "type": "Point",
        "coordinates": [
          12.4733364,
          41.8811331
        ]
      },
      "properties": {
        "id": "SS-ROM-0360",
        "nome": "Lungotevere Testaccio",
        "quartiere": "Testaccio",
        "municipio": "I",
        "classificazione": "verde",
        "score": 1,
        "ciclabile": "si",
        "n_corsie": 0,
        "senso_unico": "no",
        "n_testimonianze": 1,
        "note": "pista ciclabile presente"
      }
    },
    {
      "type": "Feature",
      "geometry": {
        "type": "Point",
        "coordinates": [
          12.4771066,
          41.8758151
        ]
      },
      "properties": {
        "id": "SS-ROM-0361",
        "nome": "Via Nicola Zabaglia",
        "quartiere": "Testaccio",
        "municipio": "I",
        "classificazione": "giallo",
        "score": 3,
        "ciclabile": "no",
        "n_corsie": 2,
        "senso_unico": "no",
        "n_testimonianze": 1,
        "note": "ciclabile inagibile traffico contenuto"
      }
    },
    {
      "type": "Feature",
      "geometry": {
        "type": "Point",
        "coordinates": [
          12.4753994,
          41.8802877
        ]
      },
      "properties": {
        "id": "SS-ROM-0362",
        "nome": "Piazza di Santa Maria Liberatrice",
        "quartiere": "Testaccio",
        "municipio": "I",
        "classificazione": "giallo",
        "score": 3,
        "ciclabile": "no",
        "n_corsie": 2,
        "senso_unico": "no",
        "n_testimonianze": 1,
        "note": "traffico locale contenuto"
      }
    },
    {
      "type": "Feature",
      "geometry": {
        "type": "Point",
        "coordinates": [
          12.4770463,
          41.8795559
        ]
      },
      "properties": {
        "id": "SS-ROM-0363",
        "nome": "Piazza Testaccio",
        "quartiere": "Testaccio",
        "municipio": "I",
        "classificazione": "blu",
        "score": 2,
        "ciclabile": "no",
        "n_corsie": 0,
        "senso_unico": "no",
        "n_testimonianze": 1,
        "note": "area pedonale"
      }
    },
    {
      "type": "Feature",
      "geometry": null,
      "properties": {
        "id": "SS-ROM-0364",
        "nome": "Lungotevere Vittorio Gassman",
        "quartiere": "Marconi",
        "municipio": "XI",
        "classificazione": "rosso",
        "score": 4,
        "ciclabile": "no",
        "n_corsie": 4,
        "senso_unico": "no",
        "n_testimonianze": 1,
        "note": "arteria trafficata nessuna ciclabile"
      }
    },
    {
      "type": "Feature",
      "geometry": null,
      "properties": {
        "id": "SS-ROM-0365",
        "nome": "Via Giuseppe Veronese",
        "quartiere": "Marconi",
        "municipio": "XI",
        "classificazione": "rosso",
        "score": 4,
        "ciclabile": "no",
        "n_corsie": 4,
        "senso_unico": "no",
        "n_testimonianze": 1,
        "note": "arteria trafficata nessuna ciclabile"
      }
    },
    {
      "type": "Feature",
      "geometry": null,
      "properties": {
        "id": "SS-ROM-0366",
        "nome": "Piazza della Radio",
        "quartiere": "Marconi",
        "municipio": "XI",
        "classificazione": "rosso",
        "score": 4,
        "ciclabile": "no",
        "n_corsie": 4,
        "senso_unico": "no",
        "n_testimonianze": 1,
        "note": "trafficata nessuna ciclabile"
      }
    },
    {
      "type": "Feature",
      "geometry": {
        "type": "Point",
        "coordinates": [
          12.463862,
          41.8734233
        ]
      },
      "properties": {
        "id": "SS-ROM-0367",
        "nome": "Via Giuseppe Parini",
        "quartiere": "Monteverde",
        "municipio": "XII",
        "classificazione": "rosso",
        "score": 4,
        "ciclabile": "no",
        "n_corsie": 4,
        "senso_unico": "no",
        "n_testimonianze": 1,
        "note": "arteria trafficata nessuna ciclabile"
      }
    },
    {
      "type": "Feature",
      "geometry": {
        "type": "Point",
        "coordinates": [
          12.4757239,
          41.8900366
        ]
      },
      "properties": {
        "id": "SS-ROM-0368",
        "nome": "Lungotevere degli Anguillara",
        "quartiere": "Trastevere",
        "municipio": "I",
        "classificazione": "nero",
        "score": 5,
        "ciclabile": "no",
        "n_corsie": 4,
        "senso_unico": "no",
        "n_testimonianze": 1,
        "note": "multicarreggiata pericolosissima"
      }
    },
    {
      "type": "Feature",
      "geometry": null,
      "properties": {
        "id": "SS-ROM-0369",
        "nome": "Via Giovanni Lanza",
        "quartiere": "Esquilino",
        "municipio": "I",
        "classificazione": "rosso",
        "score": 4,
        "ciclabile": "no",
        "n_corsie": 4,
        "senso_unico": "no",
        "n_testimonianze": 1,
        "note": "arteria trafficata nessuna ciclabile"
      }
    },
    {
      "type": "Feature",
      "geometry": {
        "type": "Point",
        "coordinates": [
          12.5108438,
          41.8915627
        ]
      },
      "properties": {
        "id": "SS-ROM-0370",
        "nome": "Via Luigi Luzzatti",
        "quartiere": "Esquilino",
        "municipio": "I",
        "classificazione": "rosso",
        "score": 4,
        "ciclabile": "no",
        "n_corsie": 4,
        "senso_unico": "no",
        "n_testimonianze": 1,
        "note": "arteria trafficata nessuna ciclabile"
      }
    },
    {
      "type": "Feature",
      "geometry": {
        "type": "Point",
        "coordinates": [
          12.5118263,
          41.8924871
        ]
      },
      "properties": {
        "id": "SS-ROM-0371",
        "nome": "Via di Porta Maggiore",
        "quartiere": "Esquilino",
        "municipio": "I",
        "classificazione": "rosso",
        "score": 4,
        "ciclabile": "no",
        "n_corsie": 4,
        "senso_unico": "no",
        "n_testimonianze": 1,
        "note": "arteria trafficata nessuna ciclabile"
      }
    },
    {
      "type": "Feature",
      "geometry": {
        "type": "Point",
        "coordinates": [
          12.5043232,
          41.8945791
        ]
      },
      "properties": {
        "id": "SS-ROM-0372",
        "nome": "Piazza Vittorio Emanuele II",
        "quartiere": "Esquilino",
        "municipio": "I",
        "classificazione": "rosso",
        "score": 4,
        "ciclabile": "no",
        "n_corsie": 0,
        "senso_unico": "no",
        "n_testimonianze": 1,
        "note": "piazza trafficata caotica"
      }
    },
    {
      "type": "Feature",
      "geometry": {
        "type": "Point",
        "coordinates": [
          12.4741792,
          41.8891469
        ]
      },
      "properties": {
        "id": "SS-ROM-0373",
        "nome": "Piazza Sidney Sonnino",
        "quartiere": "Trastevere",
        "municipio": "I",
        "classificazione": "rosso",
        "score": 4,
        "ciclabile": "no",
        "n_corsie": 0,
        "senso_unico": "no",
        "n_testimonianze": 1,
        "note": "piazza trafficata nessuna ciclabile"
      }
    },
    {
      "type": "Feature",
      "geometry": {
        "type": "Point",
        "coordinates": [
          12.5067188,
          41.9378065
        ]
      },
      "properties": {
        "id": "SS-ROM-0374",
        "nome": "Via del Foro Italico",
        "quartiere": "Parioli",
        "municipio": "II",
        "classificazione": "nero",
        "score": 5,
        "ciclabile": "no",
        "n_corsie": 6,
        "senso_unico": "no",
        "n_testimonianze": 1,
        "note": "multicarreggiata ad alta velocita pericolosissima"
      }
    },
    {
      "type": "Feature",
      "geometry": {
        "type": "Point",
        "coordinates": [
          12.4848002,
          41.9301376
        ]
      },
      "properties": {
        "id": "SS-ROM-0375",
        "nome": "Viale della Moschea",
        "quartiere": "Parioli",
        "municipio": "II",
        "classificazione": "rosso",
        "score": 4,
        "ciclabile": "no",
        "n_corsie": 4,
        "senso_unico": "no",
        "n_testimonianze": 2,
        "note": "arteria trafficata nessuna ciclabile"
      }
    },
    {
      "type": "Feature",
      "geometry": {
        "type": "Point",
        "coordinates": [
          12.4793225,
          41.9277672
        ]
      },
      "properties": {
        "id": "SS-ROM-0376",
        "nome": "Via Guidubaldo del Monte",
        "quartiere": "Pinciano",
        "municipio": "II",
        "classificazione": "verde",
        "score": 1,
        "ciclabile": "no",
        "n_corsie": 1,
        "senso_unico": "no",
        "n_testimonianze": 1,
        "note": "traffico locale scarso"
      }
    },
    {
      "type": "Feature",
      "geometry": {
        "type": "Point",
        "coordinates": [
          12.4662978,
          41.915163
        ]
      },
      "properties": {
        "id": "SS-ROM-0377",
        "nome": "Via Luigi Settembrini",
        "quartiere": "Della Vittoria",
        "municipio": "II",
        "classificazione": "rosso",
        "score": 4,
        "ciclabile": "no",
        "n_corsie": 4,
        "senso_unico": "no",
        "n_testimonianze": 1,
        "note": "arteria trafficata nessuna ciclabile"
      }
    },
    {
      "type": "Feature",
      "geometry": {
        "type": "Point",
        "coordinates": [
          12.458138,
          41.912028
        ]
      },
      "properties": {
        "id": "SS-ROM-0378",
        "nome": "Viale Angelico",
        "quartiere": "Prati",
        "municipio": "I",
        "classificazione": "verde",
        "score": 1,
        "ciclabile": "si",
        "n_corsie": 0,
        "senso_unico": "no",
        "n_testimonianze": 2,
        "note": "pista ciclabile presente"
      }
    },
    {
      "type": "Feature",
      "geometry": {
        "type": "Point",
        "coordinates": [
          12.4261098,
          41.9009931
        ]
      },
      "properties": {
        "id": "SS-ROM-0379",
        "nome": "Circonvallazione Cornelia",
        "quartiere": "Aurelio",
        "municipio": "XIII",
        "classificazione": "rosso",
        "score": 4,
        "ciclabile": "no",
        "n_corsie": 4,
        "senso_unico": "no",
        "n_testimonianze": 1,
        "note": "arteria trafficata nessuna ciclabile"
      }
    },
    {
      "type": "Feature",
      "geometry": {
        "type": "Point",
        "coordinates": [
          12.4147268,
          41.9032476
        ]
      },
      "properties": {
        "id": "SS-ROM-0380",
        "nome": "Via di Boccea (tratto nero)",
        "quartiere": "Aurelio",
        "municipio": "XIII",
        "classificazione": "nero",
        "score": 5,
        "ciclabile": "no",
        "n_corsie": 4,
        "senso_unico": "no",
        "n_testimonianze": 1,
        "note": "multicarreggiata pericolosissima"
      }
    },
    {
      "type": "Feature",
      "geometry": {
        "type": "Point",
        "coordinates": [
          12.4098831,
          41.9044067
        ]
      },
      "properties": {
        "id": "SS-ROM-0381",
        "nome": "Via Mattia Battistini",
        "quartiere": "Aurelio",
        "municipio": "XIII",
        "classificazione": "verde",
        "score": 1,
        "ciclabile": "si",
        "n_corsie": 0,
        "senso_unico": "no",
        "n_testimonianze": 1,
        "note": "pista ciclabile presente"
      }
    },
    {
      "type": "Feature",
      "geometry": null,
      "properties": {
        "id": "SS-ROM-0382",
        "nome": "Via Ennio Bonifazi",
        "quartiere": "Aurelio",
        "municipio": "XIII",
        "classificazione": "rosso",
        "score": 4,
        "ciclabile": "no",
        "n_corsie": 4,
        "senso_unico": "no",
        "n_testimonianze": 1,
        "note": "arteria trafficata nessuna ciclabile"
      }
    },
    {
      "type": "Feature",
      "geometry": {
        "type": "Point",
        "coordinates": [
          12.4147268,
          41.9032476
        ]
      },
      "properties": {
        "id": "SS-ROM-0383",
        "nome": "Via di Boccea (tratto rosso)",
        "quartiere": "Aurelio",
        "municipio": "XIII",
        "classificazione": "rosso",
        "score": 4,
        "ciclabile": "no",
        "n_corsie": 4,
        "senso_unico": "no",
        "n_testimonianze": 1,
        "note": "arteria trafficata nessuna ciclabile"
      }
    },
    {
      "type": "Feature",
      "geometry": null,
      "properties": {
        "id": "SS-ROM-0384",
        "nome": "Via Gelasio Secondo",
        "quartiere": "Aurelio",
        "municipio": "XIII",
        "classificazione": "giallo",
        "score": 3,
        "ciclabile": "no",
        "n_corsie": 2,
        "senso_unico": "no",
        "n_testimonianze": 1,
        "note": "traffico contenuto"
      }
    },
    {
      "type": "Feature",
      "geometry": {
        "type": "Point",
        "coordinates": [
          12.465155,
          41.898194
        ]
      },
      "properties": {
        "id": "SS-ROM-0385",
        "nome": "Lungotevere dei Sangallo",
        "quartiere": "Prati",
        "municipio": "I",
        "classificazione": "nero",
        "score": 5,
        "ciclabile": "no",
        "n_corsie": 4,
        "senso_unico": "no",
        "n_testimonianze": 2,
        "note": "multicarreggiata pericolosissima"
      }
    },
    {
      "type": "Feature",
      "geometry": {
        "type": "Point",
        "coordinates": [
          12.462841,
          41.8989488
        ]
      },
      "properties": {
        "id": "SS-ROM-0386",
        "nome": "Lungotevere Gianicolense",
        "quartiere": "Trastevere",
        "municipio": "I",
        "classificazione": "nero",
        "score": 5,
        "ciclabile": "no",
        "n_corsie": 4,
        "senso_unico": "no",
        "n_testimonianze": 2,
        "note": "multicarreggiata pericolosissima"
      }
    },
    {
      "type": "Feature",
      "geometry": {
        "type": "Point",
        "coordinates": [
          12.4692237,
          41.9074395
        ]
      },
      "properties": {
        "id": "SS-ROM-0387",
        "nome": "Via Ennio Quirino Visconti",
        "quartiere": "Prati",
        "municipio": "I",
        "classificazione": "giallo",
        "score": 3,
        "ciclabile": "no",
        "n_corsie": 1,
        "senso_unico": "si",
        "n_testimonianze": 1,
        "note": "senso unico traffico contenuto"
      }
    },
    {
      "type": "Feature",
      "geometry": {
        "type": "Point",
        "coordinates": [
          12.4654527,
          41.9047683
        ]
      },
      "properties": {
        "id": "SS-ROM-0388",
        "nome": "Piazza Adriana",
        "quartiere": "Prati",
        "municipio": "I",
        "classificazione": "rosso",
        "score": 4,
        "ciclabile": "no",
        "n_corsie": 0,
        "senso_unico": "no",
        "n_testimonianze": 1,
        "note": "piazza trafficata caotica"
      }
    },
    {
      "type": "Feature",
      "geometry": {
        "type": "Point",
        "coordinates": [
          12.5159599,
          41.9192736
        ]
      },
      "properties": {
        "id": "SS-ROM-0389",
        "nome": "Via Nomentana (tratto Trieste)",
        "quartiere": "Trieste",
        "municipio": "II",
        "classificazione": "verde",
        "score": 1,
        "ciclabile": "si",
        "n_corsie": 4,
        "senso_unico": "no",
        "n_testimonianze": 1,
        "note": "ciclabile presente"
      }
    },
    {
      "type": "Feature",
      "geometry": {
        "type": "Point",
        "coordinates": [
          12.5192051,
          41.9201999
        ]
      },
      "properties": {
        "id": "SS-ROM-0390",
        "nome": "Viale Ventuno Aprile",
        "quartiere": "Nomentano",
        "municipio": "II",
        "classificazione": "rosso",
        "score": 4,
        "ciclabile": "no",
        "n_corsie": 4,
        "senso_unico": "no",
        "n_testimonianze": 1,
        "note": "arteria trafficata nessuna ciclabile"
      }
    },
    {
      "type": "Feature",
      "geometry": {
        "type": "Point",
        "coordinates": [
          12.520992,
          41.9114054
        ]
      },
      "properties": {
        "id": "SS-ROM-0391",
        "nome": "Viale delle Provincie",
        "quartiere": "Nomentano",
        "municipio": "II",
        "classificazione": "rosso",
        "score": 4,
        "ciclabile": "no",
        "n_corsie": 4,
        "senso_unico": "no",
        "n_testimonianze": 3,
        "note": "arteria trafficata nessuna ciclabile"
      }
    },
    {
      "type": "Feature",
      "geometry": {
        "type": "Point",
        "coordinates": [
          12.518592,
          41.9100521
        ]
      },
      "properties": {
        "id": "SS-ROM-0392",
        "nome": "Via Catania",
        "quartiere": "Nomentano",
        "municipio": "II",
        "classificazione": "rosso",
        "score": 4,
        "ciclabile": "no",
        "n_corsie": 4,
        "senso_unico": "no",
        "n_testimonianze": 2,
        "note": "arteria trafficata nessuna ciclabile"
      }
    },
    {
      "type": "Feature",
      "geometry": {
        "type": "Point",
        "coordinates": [
          12.5188257,
          41.907824
        ]
      },
      "properties": {
        "id": "SS-ROM-0393",
        "nome": "Viale Ippocrate",
        "quartiere": "Nomentano",
        "municipio": "II",
        "classificazione": "rosso",
        "score": 4,
        "ciclabile": "no",
        "n_corsie": 4,
        "senso_unico": "no",
        "n_testimonianze": 3,
        "note": "arteria trafficata nessuna ciclabile"
      }
    },
    {
      "type": "Feature",
      "geometry": {
        "type": "Point",
        "coordinates": [
          12.523985,
          41.926929
        ]
      },
      "properties": {
        "id": "SS-ROM-0394",
        "nome": "Via Nomentana",
        "quartiere": "Nomentano",
        "municipio": "",
        "classificazione": "verde",
        "score": 1,
        "ciclabile": "si",
        "n_corsie": null,
        "senso_unico": null,
        "n_testimonianze": 6,
        "note": "Aggiunta da 6 segnalazioni reali via form (ultima: 2026-06-19T12:54)."
      }
    },
    {
      "type": "Feature",
      "geometry": {
        "type": "Point",
        "coordinates": [
          12.508006,
          41.913889
        ]
      },
      "properties": {
        "id": "SS-ROM-0395",
        "nome": "Via di Villa Ricotti",
        "quartiere": "Nomentano",
        "municipio": "",
        "classificazione": "verde",
        "score": 1,
        "ciclabile": "si",
        "n_corsie": null,
        "senso_unico": null,
        "n_testimonianze": 1,
        "note": "Aggiunta da 1 segnalazioni reali via form (ultima: 2026-06-16T14:43)."
      }
    },
    {
      "type": "Feature",
      "geometry": {
        "type": "Point",
        "coordinates": [
          12.525809,
          41.911885
        ]
      },
      "properties": {
        "id": "SS-ROM-0396",
        "nome": "Via Lorenzo il Magnifico",
        "quartiere": "Nomentano",
        "municipio": "",
        "classificazione": "rosso",
        "score": 4,
        "ciclabile": "no",
        "n_corsie": null,
        "senso_unico": null,
        "n_testimonianze": 1,
        "note": "Aggiunta da 1 segnalazioni reali via form (ultima: 2026-06-16T14:43)."
      }
    },
    {
      "type": "Feature",
      "geometry": {
        "type": "Point",
        "coordinates": [
          12.524729,
          41.909169
        ]
      },
      "properties": {
        "id": "SS-ROM-0397",
        "nome": "Via Arduino",
        "quartiere": "Nomentano",
        "municipio": "",
        "classificazione": "rosso",
        "score": 4,
        "ciclabile": "no",
        "n_corsie": null,
        "senso_unico": null,
        "n_testimonianze": 1,
        "note": "Aggiunta da 1 segnalazioni reali via form (ultima: 2026-06-16T14:43)."
      }
    },
    {
      "type": "Feature",
      "geometry": {
        "type": "Point",
        "coordinates": [
          12.521825,
          41.905496
        ]
      },
      "properties": {
        "id": "SS-ROM-0398",
        "nome": "Via Tiburtina",
        "quartiere": "Nomentano",
        "municipio": "",
        "classificazione": "verde",
        "score": 1,
        "ciclabile": "si",
        "n_corsie": null,
        "senso_unico": null,
        "n_testimonianze": 1,
        "note": "Aggiunta da 1 segnalazioni reali via form (ultima: 2026-06-16T14:43)."
      }
    },
    {
      "type": "Feature",
      "geometry": {
        "type": "Point",
        "coordinates": [
          12.467666,
          41.898625
        ]
      },
      "properties": {
        "id": "SS-ROM-0399",
        "nome": "Corso Vittorio Emanuele Secondo",
        "quartiere": "Municipio Roma I",
        "municipio": "I",
        "classificazione": "rosso",
        "score": 4,
        "ciclabile": "no",
        "n_corsie": null,
        "senso_unico": null,
        "n_testimonianze": 4,
        "note": "Aggiunta da 4 segnalazioni reali via form (ultima: 2026-06-17T04:49)."
      }
    },
    {
      "type": "Feature",
      "geometry": {
        "type": "Point",
        "coordinates": [
          12.489753,
          41.903509
        ]
      },
      "properties": {
        "id": "SS-ROM-0400",
        "nome": "Piazza dei Crociferi",
        "quartiere": "Municipio Roma I",
        "municipio": "I",
        "classificazione": "blu",
        "score": 2,
        "ciclabile": "no",
        "n_corsie": null,
        "senso_unico": null,
        "n_testimonianze": 1,
        "note": "Aggiunta da 1 segnalazioni reali via form (ultima: 2026-06-16T13:13)."
      }
    },
    {
      "type": "Feature",
      "geometry": {
        "type": "Point",
        "coordinates": [
          12.492328,
          41.870485
        ]
      },
      "properties": {
        "id": "SS-ROM-0401",
        "nome": "Via Martin Alonzo Pinzòn",
        "quartiere": "Municipio Roma VIII",
        "municipio": "VIII",
        "classificazione": "giallo",
        "score": 3,
        "ciclabile": "no",
        "n_corsie": null,
        "senso_unico": null,
        "n_testimonianze": 1,
        "note": "Aggiunta da 1 segnalazioni reali via form (ultima: 2026-06-16T06:10)."
      }
    },
    {
      "type": "Feature",
      "geometry": {
        "type": "Point",
        "coordinates": [
          12.49065,
          41.869706
        ]
      },
      "properties": {
        "id": "SS-ROM-0402",
        "nome": "Via Bartolomeo Diaz",
        "quartiere": "Municipio Roma VIII",
        "municipio": "VIII",
        "classificazione": "giallo",
        "score": 3,
        "ciclabile": "no",
        "n_corsie": null,
        "senso_unico": null,
        "n_testimonianze": 1,
        "note": "Aggiunta da 1 segnalazioni reali via form (ultima: 2026-06-16T06:10)."
      }
    },
    {
      "type": "Feature",
      "geometry": {
        "type": "Point",
        "coordinates": [
          12.491092,
          41.869412
        ]
      },
      "properties": {
        "id": "SS-ROM-0403",
        "nome": "Via Fernando Colombo",
        "quartiere": "Municipio Roma VIII",
        "municipio": "VIII",
        "classificazione": "blu",
        "score": 2,
        "ciclabile": "no",
        "n_corsie": null,
        "senso_unico": null,
        "n_testimonianze": 1,
        "note": "Aggiunta da 1 segnalazioni reali via form (ultima: 2026-06-16T06:09)."
      }
    },
    {
      "type": "Feature",
      "geometry": {
        "type": "Point",
        "coordinates": [
          12.491416,
          41.867936
        ]
      },
      "properties": {
        "id": "SS-ROM-0404",
        "nome": "Via Ermenegildo Frediani",
        "quartiere": "Municipio Roma VIII",
        "municipio": "VIII",
        "classificazione": "blu",
        "score": 2,
        "ciclabile": "no",
        "n_corsie": null,
        "senso_unico": null,
        "n_testimonianze": 1,
        "note": "Aggiunta da 1 segnalazioni reali via form (ultima: 2026-06-16T06:09)."
      }
    },
    {
      "type": "Feature",
      "geometry": {
        "type": "Point",
        "coordinates": [
          12.490375,
          41.867828
        ]
      },
      "properties": {
        "id": "SS-ROM-0405",
        "nome": "Via Manfredo Camperio",
        "quartiere": "Municipio Roma VIII",
        "municipio": "VIII",
        "classificazione": "giallo",
        "score": 3,
        "ciclabile": "no",
        "n_corsie": null,
        "senso_unico": null,
        "n_testimonianze": 1,
        "note": "Aggiunta da 1 segnalazioni reali via form (ultima: 2026-06-16T06:09)."
      }
    },
    {
      "type": "Feature",
      "geometry": {
        "type": "Point",
        "coordinates": [
          12.486357,
          41.869907
        ]
      },
      "properties": {
        "id": "SS-ROM-0406",
        "nome": "Via Francesco Antonio Pigafetta",
        "quartiere": "Municipio Roma VIII",
        "municipio": "VIII",
        "classificazione": "verde",
        "score": 1,
        "ciclabile": "si",
        "n_corsie": null,
        "senso_unico": null,
        "n_testimonianze": 1,
        "note": "Aggiunta da 1 segnalazioni reali via form (ultima: 2026-06-16T06:06)."
      }
    },
    {
      "type": "Feature",
      "geometry": {
        "type": "Point",
        "coordinates": [
          12.486834,
          41.870984
        ]
      },
      "properties": {
        "id": "SS-ROM-0407",
        "nome": "Piazzale 12 Ottobre 1492",
        "quartiere": "Municipio Roma VIII",
        "municipio": "VIII",
        "classificazione": "giallo",
        "score": 3,
        "ciclabile": "no",
        "n_corsie": null,
        "senso_unico": null,
        "n_testimonianze": 1,
        "note": "Aggiunta da 1 segnalazioni reali via form (ultima: 2026-06-16T06:05)."
      }
    },
    {
      "type": "Feature",
      "geometry": {
        "type": "Point",
        "coordinates": [
          12.481452,
          41.87101
        ]
      },
      "properties": {
        "id": "SS-ROM-0408",
        "nome": "Via Giacomo Bove",
        "quartiere": "Municipio Roma VIII",
        "municipio": "VIII",
        "classificazione": "giallo",
        "score": 3,
        "ciclabile": "no",
        "n_corsie": null,
        "senso_unico": null,
        "n_testimonianze": 1,
        "note": "Aggiunta da 1 segnalazioni reali via form (ultima: 2026-06-16T06:05)."
      }
    },
    {
      "type": "Feature",
      "geometry": {
        "type": "Point",
        "coordinates": [
          12.483,
          41.87122
        ]
      },
      "properties": {
        "id": "SS-ROM-0409",
        "nome": "Via Federico Nansen",
        "quartiere": "Municipio Roma VIII",
        "municipio": "VIII",
        "classificazione": "blu",
        "score": 2,
        "ciclabile": "no",
        "n_corsie": null,
        "senso_unico": null,
        "n_testimonianze": 1,
        "note": "Aggiunta da 1 segnalazioni reali via form (ultima: 2026-06-16T06:04)."
      }
    },
    {
      "type": "Feature",
      "geometry": {
        "type": "Point",
        "coordinates": [
          12.482223,
          41.871495
        ]
      },
      "properties": {
        "id": "SS-ROM-0410",
        "nome": "Via Vito Bering",
        "quartiere": "Municipio Roma VIII",
        "municipio": "VIII",
        "classificazione": "blu",
        "score": 2,
        "ciclabile": "no",
        "n_corsie": null,
        "senso_unico": null,
        "n_testimonianze": 1,
        "note": "Aggiunta da 1 segnalazioni reali via form (ultima: 2026-06-16T06:04)."
      }
    },
    {
      "type": "Feature",
      "geometry": {
        "type": "Point",
        "coordinates": [
          12.481642,
          41.870285
        ]
      },
      "properties": {
        "id": "SS-ROM-0411",
        "nome": "Via Francesco Negri",
        "quartiere": "Municipio Roma VIII",
        "municipio": "VIII",
        "classificazione": "verde",
        "score": 1,
        "ciclabile": "si",
        "n_corsie": null,
        "senso_unico": null,
        "n_testimonianze": 1,
        "note": "Aggiunta da 1 segnalazioni reali via form (ultima: 2026-06-16T06:03)."
      }
    },
    {
      "type": "Feature",
      "geometry": {
        "type": "Point",
        "coordinates": [
          12.455703,
          41.906961
        ]
      },
      "properties": {
        "id": "SS-ROM-0412",
        "nome": "Viale dei Bastioni di Michelangelo",
        "quartiere": "Municipio Roma I",
        "municipio": "I",
        "classificazione": "rosso",
        "score": 4,
        "ciclabile": "no",
        "n_corsie": null,
        "senso_unico": null,
        "n_testimonianze": 1,
        "note": "Aggiunta da 1 segnalazioni reali via form (ultima: 2026-06-16T04:42)."
      }
    },
    {
      "type": "Feature",
      "geometry": {
        "type": "Point",
        "coordinates": [
          12.461382,
          41.904839
        ]
      },
      "properties": {
        "id": "SS-ROM-0413",
        "nome": "Via Giovanni Vitelleschi",
        "quartiere": "Municipio Roma I",
        "municipio": "I",
        "classificazione": "rosso",
        "score": 4,
        "ciclabile": "no",
        "n_corsie": null,
        "senso_unico": null,
        "n_testimonianze": 1,
        "note": "Aggiunta da 1 segnalazioni reali via form (ultima: 2026-06-16T04:42)."
      }
    },
    {
      "type": "Feature",
      "geometry": {
        "type": "Point",
        "coordinates": [
          12.466478,
          41.907482
        ]
      },
      "properties": {
        "id": "SS-ROM-0414",
        "nome": "Via Plinio",
        "quartiere": "Municipio Roma I",
        "municipio": "I",
        "classificazione": "giallo",
        "score": 3,
        "ciclabile": "no",
        "n_corsie": null,
        "senso_unico": null,
        "n_testimonianze": 1,
        "note": "Aggiunta da 1 segnalazioni reali via form (ultima: 2026-06-16T04:42)."
      }
    },
    {
      "type": "Feature",
      "geometry": {
        "type": "Point",
        "coordinates": [
          12.467941,
          41.906197
        ]
      },
      "properties": {
        "id": "SS-ROM-0415",
        "nome": "Via Cicerone",
        "quartiere": "Municipio Roma I",
        "municipio": "I",
        "classificazione": "giallo",
        "score": 3,
        "ciclabile": "no",
        "n_corsie": null,
        "senso_unico": null,
        "n_testimonianze": 3,
        "note": "Aggiunta da 3 segnalazioni reali via form (ultima: 2026-06-16T14:47)."
      }
    },
    {
      "type": "Feature",
      "geometry": {
        "type": "Point",
        "coordinates": [
          12.470702,
          41.906934
        ]
      },
      "properties": {
        "id": "SS-ROM-0416",
        "nome": "Via Federico Cesi",
        "quartiere": "Municipio Roma I",
        "municipio": "I",
        "classificazione": "giallo",
        "score": 3,
        "ciclabile": "no",
        "n_corsie": null,
        "senso_unico": null,
        "n_testimonianze": 1,
        "note": "Aggiunta da 1 segnalazioni reali via form (ultima: 2026-06-16T04:42)."
      }
    },
    {
      "type": "Feature",
      "geometry": {
        "type": "Point",
        "coordinates": [
          12.440372,
          41.882796
        ]
      },
      "properties": {
        "id": "SS-ROM-0417",
        "nome": "Via Leone Tredicesimo",
        "quartiere": "Municipio Roma XII",
        "municipio": "XII",
        "classificazione": "nero",
        "score": 5,
        "ciclabile": "no",
        "n_corsie": null,
        "senso_unico": null,
        "n_testimonianze": 1,
        "note": "Aggiunta da 1 segnalazioni reali via form (ultima: 2026-06-13T07:50)."
      }
    },
    {
      "type": "Feature",
      "geometry": {
        "type": "Point",
        "coordinates": [
          12.432961,
          41.891892
        ]
      },
      "properties": {
        "id": "SS-ROM-0418",
        "nome": "Via del Casale di San Pio Quinto",
        "quartiere": "Municipio Roma XIII",
        "municipio": "XIII",
        "classificazione": "rosso",
        "score": 4,
        "ciclabile": "no",
        "n_corsie": null,
        "senso_unico": null,
        "n_testimonianze": 1,
        "note": "Aggiunta da 1 segnalazioni reali via form (ultima: 2026-06-13T07:50)."
      }
    },
    {
      "type": "Feature",
      "geometry": {
        "type": "Point",
        "coordinates": [
          12.427197,
          41.899163
        ]
      },
      "properties": {
        "id": "SS-ROM-0419",
        "nome": "Via Bartolo da Sassoferrato",
        "quartiere": "Municipio Roma XIII",
        "municipio": "XIII",
        "classificazione": "rosso",
        "score": 4,
        "ciclabile": "no",
        "n_corsie": null,
        "senso_unico": null,
        "n_testimonianze": 1,
        "note": "Aggiunta da 1 segnalazioni reali via form (ultima: 2026-06-13T07:49)."
      }
    },
    {
      "type": "Feature",
      "geometry": {
        "type": "Point",
        "coordinates": [
          12.416067,
          41.903381
        ]
      },
      "properties": {
        "id": "SS-ROM-0420",
        "nome": "Via di Boccea",
        "quartiere": "Aurelio",
        "municipio": "",
        "classificazione": "rosso",
        "score": 4,
        "ciclabile": "no",
        "n_corsie": null,
        "senso_unico": null,
        "n_testimonianze": 2,
        "note": "Aggiunta da 2 segnalazioni reali via form (ultima: 2026-06-13T07:49)."
      }
    },
    {
      "type": "Feature",
      "geometry": {
        "type": "Point",
        "coordinates": [
          12.476177,
          41.91077
        ]
      },
      "properties": {
        "id": "SS-ROM-0421",
        "nome": "Piazza del Popolo",
        "quartiere": "Municipio Roma I",
        "municipio": "I",
        "classificazione": "blu",
        "score": 2,
        "ciclabile": "no",
        "n_corsie": null,
        "senso_unico": null,
        "n_testimonianze": 1,
        "note": "Aggiunta da 1 segnalazioni reali via form (ultima: 2026-06-13T07:49)."
      }
    },
    {
      "type": "Feature",
      "geometry": {
        "type": "Point",
        "coordinates": [
          12.519448,
          41.922866
        ]
      },
      "properties": {
        "id": "SS-ROM-0422",
        "nome": "Via Principe Eugenio",
        "quartiere": "Municipio Roma I",
        "municipio": "I",
        "classificazione": "rosso",
        "score": 4,
        "ciclabile": "no",
        "n_corsie": null,
        "senso_unico": null,
        "n_testimonianze": 1,
        "note": "Aggiunta da 1 segnalazioni reali via form (ultima: 2026-06-12T20:26)."
      }
    },
    {
      "type": "Feature",
      "geometry": {
        "type": "Point",
        "coordinates": [
          12.508364,
          41.87845
        ]
      },
      "properties": {
        "id": "SS-ROM-0423",
        "nome": "Piazza Armenia",
        "quartiere": "Municipio Roma VII",
        "municipio": "VII",
        "classificazione": "rosso",
        "score": 4,
        "ciclabile": "no",
        "n_corsie": null,
        "senso_unico": null,
        "n_testimonianze": 1,
        "note": "Aggiunta da 1 segnalazioni reali via form (ultima: 2026-06-12T13:57)."
      }
    },
    {
      "type": "Feature",
      "geometry": {
        "type": "Point",
        "coordinates": [
          12.499384,
          41.871172
        ]
      },
      "properties": {
        "id": "SS-ROM-0424",
        "nome": "Via Cilicia",
        "quartiere": "Municipio Roma I",
        "municipio": "I",
        "classificazione": "nero",
        "score": 5,
        "ciclabile": "no",
        "n_corsie": null,
        "senso_unico": null,
        "n_testimonianze": 1,
        "note": "Aggiunta da 1 segnalazioni reali via form (ultima: 2026-06-12T13:57)."
      }
    },
    {
      "type": "Feature",
      "geometry": {
        "type": "Point",
        "coordinates": [
          12.487603,
          41.878667
        ]
      },
      "properties": {
        "id": "SS-ROM-0425",
        "nome": "Via Guerrieri",
        "quartiere": "Municipio Roma I",
        "municipio": "I",
        "classificazione": "giallo",
        "score": 3,
        "ciclabile": "no",
        "n_corsie": null,
        "senso_unico": null,
        "n_testimonianze": 1,
        "note": "Aggiunta da 1 segnalazioni reali via form (ultima: 2026-06-12T13:57)."
      }
    },
    {
      "type": "Feature",
      "geometry": {
        "type": "Point",
        "coordinates": [
          12.489615,
          41.875965
        ]
      },
      "properties": {
        "id": "SS-ROM-0426",
        "nome": "Via Odoardo Beccari",
        "quartiere": "Municipio Roma I",
        "municipio": "I",
        "classificazione": "rosso",
        "score": 4,
        "ciclabile": "no",
        "n_corsie": null,
        "senso_unico": null,
        "n_testimonianze": 1,
        "note": "Aggiunta da 1 segnalazioni reali via form (ultima: 2026-06-12T13:56)."
      }
    },
    {
      "type": "Feature",
      "geometry": {
        "type": "Point",
        "coordinates": [
          12.489508,
          41.875162
        ]
      },
      "properties": {
        "id": "SS-ROM-0427",
        "nome": "Via Ambrogio Contarini",
        "quartiere": "Municipio Roma I",
        "municipio": "I",
        "classificazione": "giallo",
        "score": 3,
        "ciclabile": "no",
        "n_corsie": null,
        "senso_unico": null,
        "n_testimonianze": 1,
        "note": "Aggiunta da 1 segnalazioni reali via form (ultima: 2026-06-12T13:56)."
      }
    },
    {
      "type": "Feature",
      "geometry": {
        "type": "Point",
        "coordinates": [
          12.487127,
          41.874138
        ]
      },
      "properties": {
        "id": "SS-ROM-0428",
        "nome": "Viale Marco Polo",
        "quartiere": "Municipio Roma I",
        "municipio": "I",
        "classificazione": "rosso",
        "score": 4,
        "ciclabile": "no",
        "n_corsie": null,
        "senso_unico": null,
        "n_testimonianze": 1,
        "note": "Aggiunta da 1 segnalazioni reali via form (ultima: 2026-06-12T13:55)."
      }
    },
    {
      "type": "Feature",
      "geometry": {
        "type": "Point",
        "coordinates": [
          12.472323,
          41.898221
        ]
      },
      "properties": {
        "id": "SS-ROM-0429",
        "nome": "Piazza di Sant'Eustachio",
        "quartiere": "Municipio Roma I",
        "municipio": "I",
        "classificazione": "blu",
        "score": 2,
        "ciclabile": "no",
        "n_corsie": null,
        "senso_unico": null,
        "n_testimonianze": 1,
        "note": "Aggiunta da 1 segnalazioni reali via form (ultima: 2026-06-17T04:57)."
      }
    },
    {
      "type": "Feature",
      "geometry": {
        "type": "Point",
        "coordinates": [
          12.475777,
          41.899386
        ]
      },
      "properties": {
        "id": "SS-ROM-0430",
        "nome": "Via Giustiniani",
        "quartiere": "Municipio Roma I",
        "municipio": "I",
        "classificazione": "blu",
        "score": 2,
        "ciclabile": "no",
        "n_corsie": null,
        "senso_unico": null,
        "n_testimonianze": 1,
        "note": "Aggiunta da 1 segnalazioni reali via form (ultima: 2026-06-17T04:57)."
      }
    },
    {
      "type": "Feature",
      "geometry": {
        "type": "Point",
        "coordinates": [
          12.473949,
          41.897908
        ]
      },
      "properties": {
        "id": "SS-ROM-0431",
        "nome": "Corso del Rinascimento",
        "quartiere": "Municipio Roma I",
        "municipio": "I",
        "classificazione": "rosso",
        "score": 4,
        "ciclabile": "no",
        "n_corsie": null,
        "senso_unico": null,
        "n_testimonianze": 1,
        "note": "Aggiunta da 1 segnalazioni reali via form (ultima: 2026-06-17T04:57)."
      }
    },
    {
      "type": "Feature",
      "geometry": {
        "type": "Point",
        "coordinates": [
          12.488512,
          41.894442
        ]
      },
      "properties": {
        "id": "SS-ROM-0432",
        "nome": "Via Baccina",
        "quartiere": "Municipio Roma I",
        "municipio": "I",
        "classificazione": "giallo",
        "score": 3,
        "ciclabile": "no",
        "n_corsie": null,
        "senso_unico": null,
        "n_testimonianze": 1,
        "note": "Aggiunta da 1 segnalazioni reali via form (ultima: 2026-06-17T04:56)."
      }
    },
    {
      "type": "Feature",
      "geometry": {
        "type": "Point",
        "coordinates": [
          12.48746,
          41.894051
        ]
      },
      "properties": {
        "id": "SS-ROM-0433",
        "nome": "Via Tor de' Conti",
        "quartiere": "Municipio Roma I",
        "municipio": "I",
        "classificazione": "giallo",
        "score": 3,
        "ciclabile": "no",
        "n_corsie": null,
        "senso_unico": null,
        "n_testimonianze": 1,
        "note": "Aggiunta da 1 segnalazioni reali via form (ultima: 2026-06-17T04:56)."
      }
    },
    {
      "type": "Feature",
      "geometry": {
        "type": "Point",
        "coordinates": [
          12.488823,
          41.894027
        ]
      },
      "properties": {
        "id": "SS-ROM-0434",
        "nome": "Via della Madonna dei Monti",
        "quartiere": "Municipio Roma I",
        "municipio": "I",
        "classificazione": "blu",
        "score": 2,
        "ciclabile": "no",
        "n_corsie": null,
        "senso_unico": null,
        "n_testimonianze": 2,
        "note": "Aggiunta da 2 segnalazioni reali via form (ultima: 2026-06-17T04:56)."
      }
    },
    {
      "type": "Feature",
      "geometry": {
        "type": "Point",
        "coordinates": [
          12.493215,
          41.896375
        ]
      },
      "properties": {
        "id": "SS-ROM-0435",
        "nome": "Via dei Ciancaleoni",
        "quartiere": "Municipio Roma I",
        "municipio": "I",
        "classificazione": "blu",
        "score": 2,
        "ciclabile": "no",
        "n_corsie": null,
        "senso_unico": null,
        "n_testimonianze": 1,
        "note": "Aggiunta da 1 segnalazioni reali via form (ultima: 2026-06-17T04:56)."
      }
    },
    {
      "type": "Feature",
      "geometry": {
        "type": "Point",
        "coordinates": [
          12.49344,
          41.895856
        ]
      },
      "properties": {
        "id": "SS-ROM-0436",
        "nome": "Via dei Capocci",
        "quartiere": "Municipio Roma I",
        "municipio": "I",
        "classificazione": "blu",
        "score": 2,
        "ciclabile": "no",
        "n_corsie": null,
        "senso_unico": null,
        "n_testimonianze": 1,
        "note": "Aggiunta da 1 segnalazioni reali via form (ultima: 2026-06-17T04:56)."
      }
    },
    {
      "type": "Feature",
      "geometry": {
        "type": "Point",
        "coordinates": [
          12.491713,
          41.892409
        ]
      },
      "properties": {
        "id": "SS-ROM-0437",
        "nome": "Via Vittorino da Feltre",
        "quartiere": "Municipio Roma I",
        "municipio": "I",
        "classificazione": "rosso",
        "score": 4,
        "ciclabile": "no",
        "n_corsie": null,
        "senso_unico": null,
        "n_testimonianze": 1,
        "note": "Aggiunta da 1 segnalazioni reali via form (ultima: 2026-06-17T04:55)."
      }
    },
    {
      "type": "Feature",
      "geometry": {
        "type": "Point",
        "coordinates": [
          12.493032,
          41.891301
        ]
      },
      "properties": {
        "id": "SS-ROM-0438",
        "nome": "Via Nicola Salvi",
        "quartiere": "Municipio Roma I",
        "municipio": "I",
        "classificazione": "rosso",
        "score": 4,
        "ciclabile": "no",
        "n_corsie": null,
        "senso_unico": null,
        "n_testimonianze": 1,
        "note": "Aggiunta da 1 segnalazioni reali via form (ultima: 2026-06-17T04:55)."
      }
    },
    {
      "type": "Feature",
      "geometry": {
        "type": "Point",
        "coordinates": [
          12.480587,
          41.8946
        ]
      },
      "properties": {
        "id": "SS-ROM-0439",
        "nome": "Via d'Aracoeli",
        "quartiere": "Municipio Roma I",
        "municipio": "I",
        "classificazione": "rosso",
        "score": 4,
        "ciclabile": "no",
        "n_corsie": null,
        "senso_unico": null,
        "n_testimonianze": 1,
        "note": "Aggiunta da 1 segnalazioni reali via form (ultima: 2026-06-17T04:54)."
      }
    },
    {
      "type": "Feature",
      "geometry": {
        "type": "Point",
        "coordinates": [
          12.481238,
          41.894182
        ]
      },
      "properties": {
        "id": "SS-ROM-0440",
        "nome": "Piazza d'Aracoeli",
        "quartiere": "Municipio Roma I",
        "municipio": "I",
        "classificazione": "rosso",
        "score": 4,
        "ciclabile": "no",
        "n_corsie": null,
        "senso_unico": null,
        "n_testimonianze": 1,
        "note": "Aggiunta da 1 segnalazioni reali via form (ultima: 2026-06-17T04:54)."
      }
    },
    {
      "type": "Feature",
      "geometry": {
        "type": "Point",
        "coordinates": [
          12.480808,
          41.89037
        ]
      },
      "properties": {
        "id": "SS-ROM-0441",
        "nome": "Via Luigi Petroselli",
        "quartiere": "Municipio Roma I",
        "municipio": "I",
        "classificazione": "rosso",
        "score": 4,
        "ciclabile": "no",
        "n_corsie": null,
        "senso_unico": null,
        "n_testimonianze": 1,
        "note": "Aggiunta da 1 segnalazioni reali via form (ultima: 2026-06-17T04:54)."
      }
    },
    {
      "type": "Feature",
      "geometry": {
        "type": "Point",
        "coordinates": [
          12.481724,
          41.887582
        ]
      },
      "properties": {
        "id": "SS-ROM-0442",
        "nome": "Via della Greca",
        "quartiere": "Municipio Roma I",
        "municipio": "I",
        "classificazione": "rosso",
        "score": 4,
        "ciclabile": "no",
        "n_corsie": null,
        "senso_unico": null,
        "n_testimonianze": 1,
        "note": "Aggiunta da 1 segnalazioni reali via form (ultima: 2026-06-17T04:54)."
      }
    },
    {
      "type": "Feature",
      "geometry": {
        "type": "Point",
        "coordinates": [
          12.482904,
          41.888407
        ]
      },
      "properties": {
        "id": "SS-ROM-0443",
        "nome": "Via dei Cerchi",
        "quartiere": "Municipio Roma I",
        "municipio": "I",
        "classificazione": "giallo",
        "score": 3,
        "ciclabile": "no",
        "n_corsie": null,
        "senso_unico": null,
        "n_testimonianze": 2,
        "note": "Aggiunta da 2 segnalazioni reali via form (ultima: 2026-06-17T04:54)."
      }
    },
    {
      "type": "Feature",
      "geometry": {
        "type": "Point",
        "coordinates": [
          12.482625,
          41.887478
        ]
      },
      "properties": {
        "id": "SS-ROM-0444",
        "nome": "Via dell'Ara Massima di Ercole",
        "quartiere": "Municipio Roma I",
        "municipio": "I",
        "classificazione": "rosso",
        "score": 4,
        "ciclabile": "no",
        "n_corsie": null,
        "senso_unico": null,
        "n_testimonianze": 1,
        "note": "Aggiunta da 1 segnalazioni reali via form (ultima: 2026-06-17T04:54)."
      }
    },
    {
      "type": "Feature",
      "geometry": {
        "type": "Point",
        "coordinates": [
          12.485554,
          41.884961
        ]
      },
      "properties": {
        "id": "SS-ROM-0445",
        "nome": "Via del Circo Massimo",
        "quartiere": "Municipio Roma I",
        "municipio": "I",
        "classificazione": "rosso",
        "score": 4,
        "ciclabile": "no",
        "n_corsie": null,
        "senso_unico": null,
        "n_testimonianze": 1,
        "note": "Aggiunta da 1 segnalazioni reali via form (ultima: 2026-06-17T04:54)."
      }
    },
    {
      "type": "Feature",
      "geometry": {
        "type": "Point",
        "coordinates": [
          12.492871,
          41.890856
        ]
      },
      "properties": {
        "id": "SS-ROM-0446",
        "nome": "Piazza del Colosseo",
        "quartiere": "Municipio Roma I",
        "municipio": "I",
        "classificazione": "verde",
        "score": 1,
        "ciclabile": "si",
        "n_corsie": null,
        "senso_unico": null,
        "n_testimonianze": 1,
        "note": "Aggiunta da 1 segnalazioni reali via form (ultima: 2026-06-17T04:53)."
      }
    },
    {
      "type": "Feature",
      "geometry": {
        "type": "Point",
        "coordinates": [
          12.491391,
          41.889131
        ]
      },
      "properties": {
        "id": "SS-ROM-0447",
        "nome": "Via Celio Vibenna",
        "quartiere": "Municipio Roma I",
        "municipio": "I",
        "classificazione": "verde",
        "score": 1,
        "ciclabile": "si",
        "n_corsie": null,
        "senso_unico": null,
        "n_testimonianze": 1,
        "note": "Aggiunta da 1 segnalazioni reali via form (ultima: 2026-06-17T04:53)."
      }
    },
    {
      "type": "Feature",
      "geometry": {
        "type": "Point",
        "coordinates": [
          12.506025,
          41.90186
        ]
      },
      "properties": {
        "id": "SS-ROM-0448",
        "nome": "Ciclabile Roma Termini-Sapienza",
        "quartiere": "Municipio Roma I",
        "municipio": "I",
        "classificazione": "rosso",
        "score": 4,
        "ciclabile": "no",
        "n_corsie": null,
        "senso_unico": null,
        "n_testimonianze": 1,
        "note": "Aggiunta da 1 segnalazioni reali via form (ultima: 2026-06-17T04:53)."
      }
    },
    {
      "type": "Feature",
      "geometry": {
        "type": "Point",
        "coordinates": [
          12.509029,
          41.903314
        ]
      },
      "properties": {
        "id": "SS-ROM-0449",
        "nome": "Viale dell'Università",
        "quartiere": "Municipio Roma II",
        "municipio": "II",
        "classificazione": "giallo",
        "score": 3,
        "ciclabile": "no",
        "n_corsie": null,
        "senso_unico": null,
        "n_testimonianze": 2,
        "note": "Aggiunta da 2 segnalazioni reali via form (ultima: 2026-06-17T04:52)."
      }
    },
    {
      "type": "Feature",
      "geometry": {
        "type": "Point",
        "coordinates": [
          12.523592,
          41.908685
        ]
      },
      "properties": {
        "id": "SS-ROM-0450",
        "nome": "Via della Lega Lombarda",
        "quartiere": "Nomentano",
        "municipio": "",
        "classificazione": "rosso",
        "score": 4,
        "ciclabile": "no",
        "n_corsie": null,
        "senso_unico": null,
        "n_testimonianze": 1,
        "note": "Aggiunta da 1 segnalazioni reali via form (ultima: 2026-06-17T04:52)."
      }
    },
    {
      "type": "Feature",
      "geometry": {
        "type": "Point",
        "coordinates": [
          12.508164,
          41.909037
        ]
      },
      "properties": {
        "id": "SS-ROM-0451",
        "nome": "Viale del Policlinico",
        "quartiere": "Nomentano",
        "municipio": "",
        "classificazione": "rosso",
        "score": 4,
        "ciclabile": "no",
        "n_corsie": null,
        "senso_unico": null,
        "n_testimonianze": 3,
        "note": "Aggiunta da 3 segnalazioni reali via form (ultima: 2026-06-17T04:52)."
      }
    },
    {
      "type": "Feature",
      "geometry": {
        "type": "Point",
        "coordinates": [
          12.514558,
          41.910716
        ]
      },
      "properties": {
        "id": "SS-ROM-0452",
        "nome": "Via Bari",
        "quartiere": "Nomentano",
        "municipio": "",
        "classificazione": "rosso",
        "score": 4,
        "ciclabile": "no",
        "n_corsie": null,
        "senso_unico": null,
        "n_testimonianze": 1,
        "note": "Aggiunta da 1 segnalazioni reali via form (ultima: 2026-06-17T04:52)."
      }
    },
    {
      "type": "Feature",
      "geometry": {
        "type": "Point",
        "coordinates": [
          12.520798,
          41.913447
        ]
      },
      "properties": {
        "id": "SS-ROM-0453",
        "nome": "Piazza Bologna",
        "quartiere": "Nomentano",
        "municipio": "",
        "classificazione": "rosso",
        "score": 4,
        "ciclabile": "no",
        "n_corsie": null,
        "senso_unico": null,
        "n_testimonianze": 1,
        "note": "Aggiunta da 1 segnalazioni reali via form (ultima: 2026-06-17T04:51)."
      }
    },
    {
      "type": "Feature",
      "geometry": {
        "type": "Point",
        "coordinates": [
          12.526438,
          41.929687
        ]
      },
      "properties": {
        "id": "SS-ROM-0454",
        "nome": "Circonvallazione Salaria",
        "quartiere": "Trieste",
        "municipio": "",
        "classificazione": "rosso",
        "score": 4,
        "ciclabile": "no",
        "n_corsie": null,
        "senso_unico": null,
        "n_testimonianze": 2,
        "note": "Aggiunta da 2 segnalazioni reali via form (ultima: 2026-06-17T04:51)."
      }
    },
    {
      "type": "Feature",
      "geometry": {
        "type": "Point",
        "coordinates": [
          12.518427,
          41.928557
        ]
      },
      "properties": {
        "id": "SS-ROM-0455",
        "nome": "Via Tripoli",
        "quartiere": "Trieste",
        "municipio": "",
        "classificazione": "rosso",
        "score": 4,
        "ciclabile": "no",
        "n_corsie": null,
        "senso_unico": null,
        "n_testimonianze": 1,
        "note": "Aggiunta da 1 segnalazioni reali via form (ultima: 2026-06-17T04:51)."
      }
    },
    {
      "type": "Feature",
      "geometry": {
        "type": "Point",
        "coordinates": [
          12.476488,
          41.911739
        ]
      },
      "properties": {
        "id": "SS-ROM-0456",
        "nome": "Piazzale Flaminio",
        "quartiere": "Pinciano",
        "municipio": "",
        "classificazione": "rosso",
        "score": 4,
        "ciclabile": "no",
        "n_corsie": null,
        "senso_unico": null,
        "n_testimonianze": 1,
        "note": "Aggiunta da 1 segnalazioni reali via form (ultima: 2026-06-17T04:50)."
      }
    },
    {
      "type": "Feature",
      "geometry": {
        "type": "Point",
        "coordinates": [
          12.474489,
          41.907972
        ]
      },
      "properties": {
        "id": "SS-ROM-0457",
        "nome": "Lungotevere in Augusta",
        "quartiere": "Municipio Roma I",
        "municipio": "I",
        "classificazione": "nero",
        "score": 5,
        "ciclabile": "no",
        "n_corsie": null,
        "senso_unico": null,
        "n_testimonianze": 2,
        "note": "Aggiunta da 2 segnalazioni reali via form (ultima: 2026-06-17T04:50)."
      }
    },
    {
      "type": "Feature",
      "geometry": {
        "type": "Point",
        "coordinates": [
          12.476778,
          41.895983
        ]
      },
      "properties": {
        "id": "SS-ROM-0458",
        "nome": "Largo di Torre Argentina",
        "quartiere": "Municipio Roma I",
        "municipio": "I",
        "classificazione": "rosso",
        "score": 4,
        "ciclabile": "no",
        "n_corsie": null,
        "senso_unico": null,
        "n_testimonianze": 1,
        "note": "Aggiunta da 1 segnalazioni reali via form (ultima: 2026-06-17T04:49)."
      }
    },
    {
      "type": "Feature",
      "geometry": {
        "type": "Point",
        "coordinates": [
          12.482235,
          41.895797
        ]
      },
      "properties": {
        "id": "SS-ROM-0459",
        "nome": "Piazza di San Marco",
        "quartiere": "Municipio Roma I",
        "municipio": "I",
        "classificazione": "rosso",
        "score": 4,
        "ciclabile": "no",
        "n_corsie": null,
        "senso_unico": null,
        "n_testimonianze": 1,
        "note": "Aggiunta da 1 segnalazioni reali via form (ultima: 2026-06-17T04:49)."
      }
    },
    {
      "type": "Feature",
      "geometry": {
        "type": "Point",
        "coordinates": [
          12.485111,
          41.897106
        ]
      },
      "properties": {
        "id": "SS-ROM-0460",
        "nome": "Via Quattro Novembre",
        "quartiere": "Municipio Roma I",
        "municipio": "I",
        "classificazione": "rosso",
        "score": 4,
        "ciclabile": "no",
        "n_corsie": null,
        "senso_unico": null,
        "n_testimonianze": 1,
        "note": "Aggiunta da 1 segnalazioni reali via form (ultima: 2026-06-17T04:49)."
      }
    },
    {
      "type": "Feature",
      "geometry": {
        "type": "Point",
        "coordinates": [
          12.485919,
          41.896174
        ]
      },
      "properties": {
        "id": "SS-ROM-0461",
        "nome": "Via Biberatica",
        "quartiere": "Municipio Roma I",
        "municipio": "I",
        "classificazione": "rosso",
        "score": 4,
        "ciclabile": "no",
        "n_corsie": null,
        "senso_unico": null,
        "n_testimonianze": 1,
        "note": "Aggiunta da 1 segnalazioni reali via form (ultima: 2026-06-17T04:48)."
      }
    },
    {
      "type": "Feature",
      "geometry": {
        "type": "Point",
        "coordinates": [
          12.48692,
          41.896446
        ]
      },
      "properties": {
        "id": "SS-ROM-0462",
        "nome": "Largo Magnanapoli",
        "quartiere": "Municipio Roma I",
        "municipio": "I",
        "classificazione": "rosso",
        "score": 4,
        "ciclabile": "no",
        "n_corsie": null,
        "senso_unico": null,
        "n_testimonianze": 1,
        "note": "Aggiunta da 1 segnalazioni reali via form (ultima: 2026-06-17T04:48)."
      }
    },
    {
      "type": "Feature",
      "geometry": {
        "type": "Point",
        "coordinates": [
          12.494116,
          41.901404
        ]
      },
      "properties": {
        "id": "SS-ROM-0463",
        "nome": "Via Napoli",
        "quartiere": "Municipio Roma I",
        "municipio": "I",
        "classificazione": "rosso",
        "score": 4,
        "ciclabile": "no",
        "n_corsie": null,
        "senso_unico": null,
        "n_testimonianze": 1,
        "note": "Aggiunta da 1 segnalazioni reali via form (ultima: 2026-06-17T04:48)."
      }
    },
    {
      "type": "Feature",
      "geometry": {
        "type": "Point",
        "coordinates": [
          12.495832,
          41.902677
        ]
      },
      "properties": {
        "id": "SS-ROM-0464",
        "nome": "Piazza della Repubblica",
        "quartiere": "Municipio Roma I",
        "municipio": "I",
        "classificazione": "rosso",
        "score": 4,
        "ciclabile": "no",
        "n_corsie": null,
        "senso_unico": null,
        "n_testimonianze": 1,
        "note": "Aggiunta da 1 segnalazioni reali via form (ultima: 2026-06-17T04:48)."
      }
    },
    {
      "type": "Feature",
      "geometry": {
        "type": "Point",
        "coordinates": [
          12.497227,
          41.902485
        ]
      },
      "properties": {
        "id": "SS-ROM-0465",
        "nome": "Viale Luigi Einaudi",
        "quartiere": "Municipio Roma I",
        "municipio": "I",
        "classificazione": "rosso",
        "score": 4,
        "ciclabile": "no",
        "n_corsie": null,
        "senso_unico": null,
        "n_testimonianze": 1,
        "note": "Aggiunta da 1 segnalazioni reali via form (ultima: 2026-06-17T04:48)."
      }
    },
    {
      "type": "Feature",
      "geometry": {
        "type": "Point",
        "coordinates": [
          12.499015,
          41.902575
        ]
      },
      "properties": {
        "id": "SS-ROM-0466",
        "nome": "Viale Enrico De Nicola",
        "quartiere": "Municipio Roma I",
        "municipio": "I",
        "classificazione": "rosso",
        "score": 4,
        "ciclabile": "no",
        "n_corsie": null,
        "senso_unico": null,
        "n_testimonianze": 1,
        "note": "Aggiunta da 1 segnalazioni reali via form (ultima: 2026-06-17T04:48)."
      }
    },
    {
      "type": "Feature",
      "geometry": {
        "type": "Point",
        "coordinates": [
          12.507019,
          41.899348
        ]
      },
      "properties": {
        "id": "SS-ROM-0467",
        "nome": "Via Marsala",
        "quartiere": "Municipio Roma I",
        "municipio": "I",
        "classificazione": "rosso",
        "score": 4,
        "ciclabile": "no",
        "n_corsie": null,
        "senso_unico": null,
        "n_testimonianze": 1,
        "note": "Aggiunta da 1 segnalazioni reali via form (ultima: 2026-06-17T04:48)."
      }
    },
    {
      "type": "Feature",
      "geometry": {
        "type": "Point",
        "coordinates": [
          12.510281,
          41.8979
        ]
      },
      "properties": {
        "id": "SS-ROM-0468",
        "nome": "Via di Porta San Lorenzo",
        "quartiere": "Municipio Roma I",
        "municipio": "I",
        "classificazione": "verde",
        "score": 1,
        "ciclabile": "si",
        "n_corsie": null,
        "senso_unico": null,
        "n_testimonianze": 2,
        "note": "Aggiunta da 2 segnalazioni reali via form (ultima: 2026-06-18T14:55)."
      }
    },
    {
      "type": "Feature",
      "geometry": {
        "type": "Point",
        "coordinates": [
          12.508049,
          41.900784
        ]
      },
      "properties": {
        "id": "SS-ROM-0469",
        "nome": "Viale Pretoriano",
        "quartiere": "Municipio Roma I",
        "municipio": "I",
        "classificazione": "verde",
        "score": 1,
        "ciclabile": "si",
        "n_corsie": null,
        "senso_unico": null,
        "n_testimonianze": 1,
        "note": "Aggiunta da 1 segnalazioni reali via form (ultima: 2026-06-17T04:48)."
      }
    },
    {
      "type": "Feature",
      "geometry": {
        "type": "Point",
        "coordinates": [
          12.505803,
          41.90564
        ]
      },
      "properties": {
        "id": "SS-ROM-0470",
        "nome": "Viale Castro Pretorio",
        "quartiere": "Municipio Roma I",
        "municipio": "I",
        "classificazione": "verde",
        "score": 1,
        "ciclabile": "si",
        "n_corsie": null,
        "senso_unico": null,
        "n_testimonianze": 1,
        "note": "Aggiunta da 1 segnalazioni reali via form (ultima: 2026-06-17T04:48)."
      }
    },
    {
      "type": "Feature",
      "geometry": {
        "type": "Point",
        "coordinates": [
          12.499695,
          41.910308
        ]
      },
      "properties": {
        "id": "SS-ROM-0471",
        "nome": "Sottovia Ignazio Guidi",
        "quartiere": "Salario",
        "municipio": "",
        "classificazione": "rosso",
        "score": 4,
        "ciclabile": "no",
        "n_corsie": null,
        "senso_unico": null,
        "n_testimonianze": 1,
        "note": "Aggiunta da 1 segnalazioni reali via form (ultima: 2026-06-17T04:47)."
      }
    },
    {
      "type": "Feature",
      "geometry": {
        "type": "Point",
        "coordinates": [
          12.470913,
          41.90547
        ]
      },
      "properties": {
        "id": "SS-ROM-0472",
        "nome": "Piazza Cavour",
        "quartiere": "Municipio Roma I",
        "municipio": "I",
        "classificazione": "rosso",
        "score": 4,
        "ciclabile": "no",
        "n_corsie": null,
        "senso_unico": null,
        "n_testimonianze": 1,
        "note": "Aggiunta da 1 segnalazioni reali via form (ultima: 2026-06-16T14:47)."
      }
    },
    {
      "type": "Feature",
      "geometry": {
        "type": "Point",
        "coordinates": [
          12.471467,
          41.905191
        ]
      },
      "properties": {
        "id": "SS-ROM-0473",
        "nome": "Via Vittoria Colonna",
        "quartiere": "Municipio Roma I",
        "municipio": "I",
        "classificazione": "rosso",
        "score": 4,
        "ciclabile": "no",
        "n_corsie": null,
        "senso_unico": null,
        "n_testimonianze": 1,
        "note": "Aggiunta da 1 segnalazioni reali via form (ultima: 2026-06-16T14:47)."
      }
    },
    {
      "type": "Feature",
      "geometry": {
        "type": "Point",
        "coordinates": [
          12.474128,
          41.904999
        ]
      },
      "properties": {
        "id": "SS-ROM-0474",
        "nome": "Ponte Cavour",
        "quartiere": "Municipio Roma I",
        "municipio": "I",
        "classificazione": "rosso",
        "score": 4,
        "ciclabile": "no",
        "n_corsie": null,
        "senso_unico": null,
        "n_testimonianze": 1,
        "note": "Aggiunta da 1 segnalazioni reali via form (ultima: 2026-06-16T14:47)."
      }
    },
    {
      "type": "Feature",
      "geometry": {
        "type": "Point",
        "coordinates": [
          12.476513,
          41.906581
        ]
      },
      "properties": {
        "id": "SS-ROM-0475",
        "nome": "Piazza Augusto Imperatore",
        "quartiere": "Municipio Roma I",
        "municipio": "I",
        "classificazione": "giallo",
        "score": 3,
        "ciclabile": "no",
        "n_corsie": null,
        "senso_unico": null,
        "n_testimonianze": 1,
        "note": "Aggiunta da 1 segnalazioni reali via form (ultima: 2026-06-16T14:46)."
      }
    },
    {
      "type": "Feature",
      "geometry": {
        "type": "Point",
        "coordinates": [
          12.475772,
          41.906813
        ]
      },
      "properties": {
        "id": "SS-ROM-0476",
        "nome": "Via di Ripetta",
        "quartiere": "Municipio Roma I",
        "municipio": "I",
        "classificazione": "giallo",
        "score": 3,
        "ciclabile": "no",
        "n_corsie": null,
        "senso_unico": null,
        "n_testimonianze": 2,
        "note": "Aggiunta da 2 segnalazioni reali via form (ultima: 2026-06-16T14:46)."
      }
    },
    {
      "type": "Feature",
      "geometry": {
        "type": "Point",
        "coordinates": [
          12.473992,
          41.910716
        ]
      },
      "properties": {
        "id": "SS-ROM-0477",
        "nome": "Via Maria Cristina",
        "quartiere": "Municipio Roma I",
        "municipio": "I",
        "classificazione": "rosso",
        "score": 4,
        "ciclabile": "no",
        "n_corsie": null,
        "senso_unico": null,
        "n_testimonianze": 1,
        "note": "Aggiunta da 1 segnalazioni reali via form (ultima: 2026-06-16T14:46)."
      }
    },
    {
      "type": "Feature",
      "geometry": {
        "type": "Point",
        "coordinates": [
          12.472705,
          41.914753
        ]
      },
      "properties": {
        "id": "SS-ROM-0478",
        "nome": "Via Domenico Alberto Azuni",
        "quartiere": "Flaminio",
        "municipio": "",
        "classificazione": "giallo",
        "score": 3,
        "ciclabile": "no",
        "n_corsie": null,
        "senso_unico": null,
        "n_testimonianze": 1,
        "note": "Aggiunta da 1 segnalazioni reali via form (ultima: 2026-06-16T14:46)."
      }
    },
    {
      "type": "Feature",
      "geometry": {
        "type": "Point",
        "coordinates": [
          12.472279,
          41.91624
        ]
      },
      "properties": {
        "id": "SS-ROM-0479",
        "nome": "Via Gaetano Filangieri",
        "quartiere": "Flaminio",
        "municipio": "",
        "classificazione": "giallo",
        "score": 3,
        "ciclabile": "no",
        "n_corsie": null,
        "senso_unico": null,
        "n_testimonianze": 2,
        "note": "Aggiunta da 2 segnalazioni reali via form (ultima: 2026-06-16T14:46)."
      }
    },
    {
      "type": "Feature",
      "geometry": {
        "type": "Point",
        "coordinates": [
          12.478838,
          41.919807
        ]
      },
      "properties": {
        "id": "SS-ROM-0480",
        "nome": "Via Antonio Gramsci",
        "quartiere": "Pinciano",
        "municipio": "",
        "classificazione": "giallo",
        "score": 3,
        "ciclabile": "no",
        "n_corsie": null,
        "senso_unico": null,
        "n_testimonianze": 1,
        "note": "Aggiunta da 1 segnalazioni reali via form (ultima: 2026-06-16T14:45)."
      }
    },
    {
      "type": "Feature",
      "geometry": {
        "type": "Point",
        "coordinates": [
          12.484181,
          41.924535
        ]
      },
      "properties": {
        "id": "SS-ROM-0481",
        "nome": "Via di Villa San Filippo",
        "quartiere": "Parioli",
        "municipio": "",
        "classificazione": "giallo",
        "score": 3,
        "ciclabile": "no",
        "n_corsie": null,
        "senso_unico": null,
        "n_testimonianze": 1,
        "note": "Aggiunta da 1 segnalazioni reali via form (ultima: 2026-06-16T14:45)."
      }
    },
    {
      "type": "Feature",
      "geometry": {
        "type": "Point",
        "coordinates": [
          12.490404,
          41.927749
        ]
      },
      "properties": {
        "id": "SS-ROM-0482",
        "nome": "Via Eustachio Manfredi",
        "quartiere": "Pinciano",
        "municipio": "",
        "classificazione": "giallo",
        "score": 3,
        "ciclabile": "no",
        "n_corsie": null,
        "senso_unico": null,
        "n_testimonianze": 1,
        "note": "Aggiunta da 1 segnalazioni reali via form (ultima: 2026-06-16T14:45)."
      }
    },
    {
      "type": "Feature",
      "geometry": {
        "type": "Point",
        "coordinates": [
          12.486777,
          41.926171
        ]
      },
      "properties": {
        "id": "SS-ROM-0483",
        "nome": "Piazza Santiago del Cile",
        "quartiere": "Pinciano",
        "municipio": "",
        "classificazione": "rosso",
        "score": 4,
        "ciclabile": "no",
        "n_corsie": null,
        "senso_unico": null,
        "n_testimonianze": 1,
        "note": "Aggiunta da 1 segnalazioni reali via form (ultima: 2026-06-16T14:45)."
      }
    },
    {
      "type": "Feature",
      "geometry": {
        "type": "Point",
        "coordinates": [
          12.507491,
          41.943711
        ]
      },
      "properties": {
        "id": "SS-ROM-0484",
        "nome": "Via Salaria",
        "quartiere": "Val Melaina",
        "municipio": "",
        "classificazione": "nero",
        "score": 5,
        "ciclabile": "no",
        "n_corsie": null,
        "senso_unico": null,
        "n_testimonianze": 2,
        "note": "Aggiunta da 2 segnalazioni reali via form (ultima: 2026-06-16T14:45)."
      }
    },
    {
      "type": "Feature",
      "geometry": {
        "type": "Point",
        "coordinates": [
          12.507763,
          41.929162
        ]
      },
      "properties": {
        "id": "SS-ROM-0485",
        "nome": "Viale del Casale della Finanziera",
        "quartiere": "Parioli",
        "municipio": "",
        "classificazione": "rosso",
        "score": 4,
        "ciclabile": "no",
        "n_corsie": null,
        "senso_unico": null,
        "n_testimonianze": 1,
        "note": "Aggiunta da 1 segnalazioni reali via form (ultima: 2026-06-16T14:44)."
      }
    },
    {
      "type": "Feature",
      "geometry": {
        "type": "Point",
        "coordinates": [
          12.525558,
          41.942584
        ]
      },
      "properties": {
        "id": "SS-ROM-0486",
        "nome": "Via Valle Vermiglio",
        "quartiere": "Municipio Roma III",
        "municipio": "III",
        "classificazione": "giallo",
        "score": 3,
        "ciclabile": "no",
        "n_corsie": null,
        "senso_unico": null,
        "n_testimonianze": 1,
        "note": "Aggiunta da 1 segnalazioni reali via form (ultima: 2026-06-16T14:44)."
      }
    },
    {
      "type": "Feature",
      "geometry": {
        "type": "Point",
        "coordinates": [
          12.534285,
          41.935426
        ]
      },
      "properties": {
        "id": "SS-ROM-0487",
        "nome": "Corso Sempione",
        "quartiere": "Municipio Roma III",
        "municipio": "III",
        "classificazione": "rosso",
        "score": 4,
        "ciclabile": "no",
        "n_corsie": null,
        "senso_unico": null,
        "n_testimonianze": 1,
        "note": "Aggiunta da 1 segnalazioni reali via form (ultima: 2026-06-16T14:44)."
      }
    },
    {
      "type": "Feature",
      "geometry": {
        "type": "Point",
        "coordinates": [
          12.517211,
          41.886676
        ]
      },
      "properties": {
        "id": "SS-ROM-0488",
        "nome": "Via La Spezia",
        "quartiere": "Municipio Roma VII",
        "municipio": "VII",
        "classificazione": "rosso",
        "score": 4,
        "ciclabile": "no",
        "n_corsie": null,
        "senso_unico": null,
        "n_testimonianze": 2,
        "note": "Aggiunta da 2 segnalazioni reali via form (ultima: 2026-06-19T14:40)."
      }
    },
    {
      "type": "Feature",
      "geometry": {
        "type": "Point",
        "coordinates": [
          12.52146,
          41.887447
        ]
      },
      "properties": {
        "id": "SS-ROM-0489",
        "nome": "Piazza Lodi",
        "quartiere": "Municipio Roma VII",
        "municipio": "VII",
        "classificazione": "rosso",
        "score": 4,
        "ciclabile": "no",
        "n_corsie": null,
        "senso_unico": null,
        "n_testimonianze": 1,
        "note": "Aggiunta da 1 segnalazioni reali via form (ultima: 2026-06-19T14:40)."
      }
    },
    {
      "type": "Feature",
      "geometry": {
        "type": "Point",
        "coordinates": [
          12.514086,
          41.891392
        ]
      },
      "properties": {
        "id": "SS-ROM-0490",
        "nome": "Via Giovanni Giolitti",
        "quartiere": "Municipio Roma I",
        "municipio": "I",
        "classificazione": "rosso",
        "score": 4,
        "ciclabile": "no",
        "n_corsie": null,
        "senso_unico": null,
        "n_testimonianze": 1,
        "note": "Aggiunta da 1 segnalazioni reali via form (ultima: 2026-06-19T14:40)."
      }
    },
    {
      "type": "Feature",
      "geometry": {
        "type": "Point",
        "coordinates": [
          12.550893,
          41.944199
        ]
      },
      "properties": {
        "id": "SS-ROM-0491",
        "nome": "Via Domenico Comparetti",
        "quartiere": "Monte Sacro Alto",
        "municipio": "",
        "classificazione": "rosso",
        "score": 4,
        "ciclabile": "no",
        "n_corsie": null,
        "senso_unico": null,
        "n_testimonianze": 1,
        "note": "Aggiunta da 1 segnalazioni reali via form (ultima: 2026-06-19T12:56)."
      }
    },
    {
      "type": "Feature",
      "geometry": {
        "type": "Point",
        "coordinates": [
          12.526438,
          41.945343
        ]
      },
      "properties": {
        "id": "SS-ROM-0492",
        "nome": "Piazzale Jonio",
        "quartiere": "Municipio Roma III",
        "municipio": "III",
        "classificazione": "verde",
        "score": 1,
        "ciclabile": "si",
        "n_corsie": null,
        "senso_unico": null,
        "n_testimonianze": 2,
        "note": "Aggiunta da 2 segnalazioni reali via form (ultima: 2026-06-19T12:56)."
      }
    },
    {
      "type": "Feature",
      "geometry": {
        "type": "Point",
        "coordinates": [
          12.528917,
          41.943494
        ]
      },
      "properties": {
        "id": "SS-ROM-0493",
        "nome": "Piazza Capri",
        "quartiere": "Municipio Roma III",
        "municipio": "III",
        "classificazione": "verde",
        "score": 1,
        "ciclabile": "si",
        "n_corsie": null,
        "senso_unico": null,
        "n_testimonianze": 1,
        "note": "Aggiunta da 1 segnalazioni reali via form (ultima: 2026-06-19T12:55)."
      }
    },
    {
      "type": "Feature",
      "geometry": {
        "type": "Point",
        "coordinates": [
          12.532032,
          41.93463
        ]
      },
      "properties": {
        "id": "SS-ROM-0494",
        "nome": "Via Nomentana Nuova",
        "quartiere": "Municipio Roma III",
        "municipio": "III",
        "classificazione": "rosso",
        "score": 4,
        "ciclabile": "no",
        "n_corsie": null,
        "senso_unico": null,
        "n_testimonianze": 1,
        "note": "Aggiunta da 1 segnalazioni reali via form (ultima: 2026-06-19T12:54)."
      }
    },
    {
      "type": "Feature",
      "geometry": {
        "type": "Point",
        "coordinates": [
          12.523556,
          41.920958
        ]
      },
      "properties": {
        "id": "SS-ROM-0495",
        "nome": "Via Rodolfo Lanciani",
        "quartiere": "Nomentano",
        "municipio": "",
        "classificazione": "rosso",
        "score": 4,
        "ciclabile": "no",
        "n_corsie": null,
        "senso_unico": null,
        "n_testimonianze": 1,
        "note": "Aggiunta da 1 segnalazioni reali via form (ultima: 2026-06-19T12:54)."
      }
    },
    {
      "type": "Feature",
      "geometry": {
        "type": "Point",
        "coordinates": [
          12.5143,
          41.908126
        ]
      },
      "properties": {
        "id": "SS-ROM-0496",
        "nome": "Via Treviso",
        "quartiere": "Nomentano",
        "municipio": "",
        "classificazione": "giallo",
        "score": 3,
        "ciclabile": "no",
        "n_corsie": null,
        "senso_unico": null,
        "n_testimonianze": 1,
        "note": "Aggiunta da 1 segnalazioni reali via form (ultima: 2026-06-18T14:56)."
      }
    },
    {
      "type": "Feature",
      "geometry": {
        "type": "Point",
        "coordinates": [
          12.516775,
          41.908073
        ]
      },
      "properties": {
        "id": "SS-ROM-0497",
        "nome": "Via Pavia",
        "quartiere": "Nomentano",
        "municipio": "",
        "classificazione": "giallo",
        "score": 3,
        "ciclabile": "no",
        "n_corsie": null,
        "senso_unico": null,
        "n_testimonianze": 1,
        "note": "Aggiunta da 1 segnalazioni reali via form (ultima: 2026-06-18T14:56)."
      }
    },
    {
      "type": "Feature",
      "geometry": {
        "type": "Point",
        "coordinates": [
          12.50875,
          41.901247
        ]
      },
      "properties": {
        "id": "SS-ROM-0498",
        "nome": "Viale Piero Gobetti",
        "quartiere": "Municipio Roma II",
        "municipio": "II",
        "classificazione": "rosso",
        "score": 4,
        "ciclabile": "no",
        "n_corsie": null,
        "senso_unico": null,
        "n_testimonianze": 1,
        "note": "Aggiunta da 1 segnalazioni reali via form (ultima: 2026-06-18T14:56)."
      }
    },
    {
      "type": "Feature",
      "geometry": {
        "type": "Point",
        "coordinates": [
          12.512863,
          41.900898
        ]
      },
      "properties": {
        "id": "SS-ROM-0499",
        "nome": "Via dei Marrucini",
        "quartiere": "Municipio Roma II",
        "municipio": "II",
        "classificazione": "rosso",
        "score": 4,
        "ciclabile": "no",
        "n_corsie": null,
        "senso_unico": null,
        "n_testimonianze": 1,
        "note": "Aggiunta da 1 segnalazioni reali via form (ultima: 2026-06-18T14:55)."
      }
    },
    {
      "type": "Feature",
      "geometry": {
        "type": "Point",
        "coordinates": [
          12.51213,
          41.900623
        ]
      },
      "properties": {
        "id": "SS-ROM-0500",
        "nome": "Via dei Liburni",
        "quartiere": "Municipio Roma II",
        "municipio": "II",
        "classificazione": "giallo",
        "score": 3,
        "ciclabile": "no",
        "n_corsie": null,
        "senso_unico": null,
        "n_testimonianze": 1,
        "note": "Aggiunta da 1 segnalazioni reali via form (ultima: 2026-06-18T14:55)."
      }
    },
    {
      "type": "Feature",
      "geometry": {
        "type": "Point",
        "coordinates": [
          12.510595,
          41.899817
        ]
      },
      "properties": {
        "id": "SS-ROM-0501",
        "nome": "Via dei Taurini",
        "quartiere": "Municipio Roma II",
        "municipio": "II",
        "classificazione": "giallo",
        "score": 3,
        "ciclabile": "no",
        "n_corsie": null,
        "senso_unico": null,
        "n_testimonianze": 1,
        "note": "Aggiunta da 1 segnalazioni reali via form (ultima: 2026-06-18T14:55)."
      }
    },
    {
      "type": "Feature",
      "geometry": {
        "type": "Point",
        "coordinates": [
          12.510477,
          41.899037
        ]
      },
      "properties": {
        "id": "SS-ROM-0502",
        "nome": "Via dei Ramni",
        "quartiere": "Municipio Roma II",
        "municipio": "II",
        "classificazione": "giallo",
        "score": 3,
        "ciclabile": "no",
        "n_corsie": null,
        "senso_unico": null,
        "n_testimonianze": 1,
        "note": "Aggiunta da 1 segnalazioni reali via form (ultima: 2026-06-18T14:55)."
      }
    },
    {
      "type": "Feature",
      "geometry": {
        "type": "Point",
        "coordinates": [
          12.512158,
          41.898387
        ]
      },
      "properties": {
        "id": "SS-ROM-0503",
        "nome": "Via dei Corsi",
        "quartiere": "Municipio Roma II",
        "municipio": "II",
        "classificazione": "giallo",
        "score": 3,
        "ciclabile": "no",
        "n_corsie": null,
        "senso_unico": null,
        "n_testimonianze": 1,
        "note": "Aggiunta da 1 segnalazioni reali via form (ultima: 2026-06-18T14:55)."
      }
    },
    {
      "type": "Feature",
      "geometry": {
        "type": "Point",
        "coordinates": [
          12.511078,
          41.898331
        ]
      },
      "properties": {
        "id": "SS-ROM-0504",
        "nome": "Via dei Sabelli",
        "quartiere": "Municipio Roma II",
        "municipio": "II",
        "classificazione": "giallo",
        "score": 3,
        "ciclabile": "no",
        "n_corsie": null,
        "senso_unico": null,
        "n_testimonianze": 3,
        "note": "Aggiunta da 3 segnalazioni reali via form (ultima: 2026-06-18T14:55)."
      }
    },
    {
      "type": "Feature",
      "geometry": {
        "type": "Point",
        "coordinates": [
          12.518252,
          41.899506
        ]
      },
      "properties": {
        "id": "SS-ROM-0505",
        "nome": "Via dei Volsci",
        "quartiere": "Municipio Roma II",
        "municipio": "II",
        "classificazione": "giallo",
        "score": 3,
        "ciclabile": "no",
        "n_corsie": null,
        "senso_unico": null,
        "n_testimonianze": 3,
        "note": "Aggiunta da 3 segnalazioni reali via form (ultima: 2026-06-18T14:54)."
      }
    },
    {
      "type": "Feature",
      "geometry": {
        "type": "Point",
        "coordinates": [
          12.517419,
          41.897954
        ]
      },
      "properties": {
        "id": "SS-ROM-0506",
        "nome": "Via degli Ausoni",
        "quartiere": "Municipio Roma II",
        "municipio": "II",
        "classificazione": "giallo",
        "score": 3,
        "ciclabile": "no",
        "n_corsie": null,
        "senso_unico": null,
        "n_testimonianze": 1,
        "note": "Aggiunta da 1 segnalazioni reali via form (ultima: 2026-06-18T14:54)."
      }
    },
    {
      "type": "Feature",
      "geometry": {
        "type": "Point",
        "coordinates": [
          12.515488,
          41.898196
        ]
      },
      "properties": {
        "id": "SS-ROM-0507",
        "nome": "Via dei Sardi",
        "quartiere": "Municipio Roma II",
        "municipio": "II",
        "classificazione": "giallo",
        "score": 3,
        "ciclabile": "no",
        "n_corsie": null,
        "senso_unico": null,
        "n_testimonianze": 1,
        "note": "Aggiunta da 1 segnalazioni reali via form (ultima: 2026-06-18T14:54)."
      }
    },
    {
      "type": "Feature",
      "geometry": {
        "type": "Point",
        "coordinates": [
          12.514926,
          41.897624
        ]
      },
      "properties": {
        "id": "SS-ROM-0508",
        "nome": "Via degli Etruschi",
        "quartiere": "Municipio Roma II",
        "municipio": "II",
        "classificazione": "giallo",
        "score": 3,
        "ciclabile": "no",
        "n_corsie": null,
        "senso_unico": null,
        "n_testimonianze": 1,
        "note": "Aggiunta da 1 segnalazioni reali via form (ultima: 2026-06-18T14:54)."
      }
    },
    {
      "type": "Feature",
      "geometry": {
        "type": "Point",
        "coordinates": [
          12.514093,
          41.89691
        ]
      },
      "properties": {
        "id": "SS-ROM-0509",
        "nome": "Largo degli Osci",
        "quartiere": "Municipio Roma II",
        "municipio": "II",
        "classificazione": "giallo",
        "score": 3,
        "ciclabile": "no",
        "n_corsie": null,
        "senso_unico": null,
        "n_testimonianze": 2,
        "note": "Aggiunta da 2 segnalazioni reali via form (ultima: 2026-06-18T14:54)."
      }
    },
    {
      "type": "Feature",
      "geometry": {
        "type": "Point",
        "coordinates": [
          12.514683,
          41.896263
        ]
      },
      "properties": {
        "id": "SS-ROM-0510",
        "nome": "Via degli Aurunci",
        "quartiere": "Municipio Roma II",
        "municipio": "II",
        "classificazione": "blu",
        "score": 2,
        "ciclabile": "no",
        "n_corsie": null,
        "senso_unico": null,
        "n_testimonianze": 1,
        "note": "Aggiunta da 1 segnalazioni reali via form (ultima: 2026-06-18T14:54)."
      }
    },
    {
      "type": "Feature",
      "geometry": {
        "type": "Point",
        "coordinates": [
          12.512462,
          41.895987
        ]
      },
      "properties": {
        "id": "SS-ROM-0511",
        "nome": "Via dei Rutoli",
        "quartiere": "Municipio Roma II",
        "municipio": "II",
        "classificazione": "giallo",
        "score": 3,
        "ciclabile": "no",
        "n_corsie": null,
        "senso_unico": null,
        "n_testimonianze": 1,
        "note": "Aggiunta da 1 segnalazioni reali via form (ultima: 2026-06-18T14:53)."
      }
    },
    {
      "type": "Feature",
      "geometry": {
        "type": "Point",
        "coordinates": [
          12.514207,
          41.893949
        ]
      },
      "properties": {
        "id": "SS-ROM-0512",
        "nome": "Via di Porta Labicana",
        "quartiere": "Municipio Roma II",
        "municipio": "II",
        "classificazione": "rosso",
        "score": 4,
        "ciclabile": "no",
        "n_corsie": null,
        "senso_unico": null,
        "n_testimonianze": 2,
        "note": "Aggiunta da 2 segnalazioni reali via form (ultima: 2026-06-18T14:53)."
      }
    },
    {
      "type": "Feature",
      "geometry": {
        "type": "Point",
        "coordinates": [
          12.514733,
          41.895222
        ]
      },
      "properties": {
        "id": "SS-ROM-0513",
        "nome": "Via dei Campani",
        "quartiere": "Municipio Roma II",
        "municipio": "II",
        "classificazione": "giallo",
        "score": 3,
        "ciclabile": "no",
        "n_corsie": null,
        "senso_unico": null,
        "n_testimonianze": 1,
        "note": "Aggiunta da 1 segnalazioni reali via form (ultima: 2026-06-18T14:53)."
      }
    },
    {
      "type": "Feature",
      "geometry": {
        "type": "Point",
        "coordinates": [
          12.514486,
          41.894815
        ]
      },
      "properties": {
        "id": "SS-ROM-0514",
        "nome": "Via dei Lucani",
        "quartiere": "Municipio Roma II",
        "municipio": "II",
        "classificazione": "giallo",
        "score": 3,
        "ciclabile": "no",
        "n_corsie": null,
        "senso_unico": null,
        "n_testimonianze": 1,
        "note": "Aggiunta da 1 segnalazioni reali via form (ultima: 2026-06-18T14:53)."
      }
    },
    {
      "type": "Feature",
      "geometry": {
        "type": "Point",
        "coordinates": [
          12.513503,
          41.89592
        ]
      },
      "properties": {
        "id": "SS-ROM-0515",
        "nome": "Via degli Equi",
        "quartiere": "Municipio Roma II",
        "municipio": "II",
        "classificazione": "giallo",
        "score": 3,
        "ciclabile": "no",
        "n_corsie": null,
        "senso_unico": null,
        "n_testimonianze": 1,
        "note": "Aggiunta da 1 segnalazioni reali via form (ultima: 2026-06-18T14:53)."
      }
    },
    {
      "type": "Feature",
      "geometry": {
        "type": "Point",
        "coordinates": [
          12.464481,
          41.902421
        ]
      },
      "properties": {
        "id": "SS-ROM-0516",
        "nome": "Piazza Pia",
        "quartiere": "Municipio Roma I",
        "municipio": "I",
        "classificazione": "blu",
        "score": 2,
        "ciclabile": "no",
        "n_corsie": null,
        "senso_unico": null,
        "n_testimonianze": 1,
        "note": "Aggiunta da 1 segnalazioni reali via form (ultima: 2026-06-17T05:20)."
      }
    },
    {
      "type": "Feature",
      "geometry": {
        "type": "Point",
        "coordinates": [
          12.471603,
          41.904337
        ]
      },
      "properties": {
        "id": "SS-ROM-0517",
        "nome": "Via Ulpiano",
        "quartiere": "Municipio Roma I",
        "municipio": "I",
        "classificazione": "rosso",
        "score": 4,
        "ciclabile": "no",
        "n_corsie": null,
        "senso_unico": null,
        "n_testimonianze": 1,
        "note": "Aggiunta da 1 segnalazioni reali via form (ultima: 2026-06-17T05:18)."
      }
    },
    {
      "type": "Feature",
      "geometry": {
        "type": "Point",
        "coordinates": [
          12.469465,
          41.903801
        ]
      },
      "properties": {
        "id": "SS-ROM-0518",
        "nome": "Via Triboniano",
        "quartiere": "Municipio Roma I",
        "municipio": "I",
        "classificazione": "rosso",
        "score": 4,
        "ciclabile": "no",
        "n_corsie": null,
        "senso_unico": null,
        "n_testimonianze": 1,
        "note": "Aggiunta da 1 segnalazioni reali via form (ultima: 2026-06-17T05:18)."
      }
    },
    {
      "type": "Feature",
      "geometry": {
        "type": "Point",
        "coordinates": [
          12.470963,
          41.903306
        ]
      },
      "properties": {
        "id": "SS-ROM-0519",
        "nome": "Piazza dei Tribunali",
        "quartiere": "Municipio Roma I",
        "municipio": "I",
        "classificazione": "rosso",
        "score": 4,
        "ciclabile": "no",
        "n_corsie": null,
        "senso_unico": null,
        "n_testimonianze": 1,
        "note": "Aggiunta da 1 segnalazioni reali via form (ultima: 2026-06-17T05:18)."
      }
    },
    {
      "type": "Feature",
      "geometry": {
        "type": "Point",
        "coordinates": [
          12.485865,
          41.899204
        ]
      },
      "properties": {
        "id": "SS-ROM-0520",
        "nome": "Salita di Montecavallo",
        "quartiere": "Municipio Roma I",
        "municipio": "I",
        "classificazione": "giallo",
        "score": 3,
        "ciclabile": "no",
        "n_corsie": null,
        "senso_unico": null,
        "n_testimonianze": 1,
        "note": "Aggiunta da 1 segnalazioni reali via form (ultima: 2026-06-17T05:11)."
      }
    },
    {
      "type": "Feature",
      "geometry": {
        "type": "Point",
        "coordinates": [
          12.487146,
          41.899441
        ]
      },
      "properties": {
        "id": "SS-ROM-0521",
        "nome": "Via del Quirinale",
        "quartiere": "Municipio Roma I",
        "municipio": "I",
        "classificazione": "rosso",
        "score": 4,
        "ciclabile": "no",
        "n_corsie": null,
        "senso_unico": null,
        "n_testimonianze": 1,
        "note": "Aggiunta da 1 segnalazioni reali via form (ultima: 2026-06-17T05:11)."
      }
    },
    {
      "type": "Feature",
      "geometry": {
        "type": "Point",
        "coordinates": [
          12.484024,
          41.899609
        ]
      },
      "properties": {
        "id": "SS-ROM-0522",
        "nome": "Via de' Lucchesi",
        "quartiere": "Municipio Roma I",
        "municipio": "I",
        "classificazione": "blu",
        "score": 2,
        "ciclabile": "no",
        "n_corsie": null,
        "senso_unico": null,
        "n_testimonianze": 1,
        "note": "Aggiunta da 1 segnalazioni reali via form (ultima: 2026-06-17T05:10)."
      }
    },
    {
      "type": "Feature",
      "geometry": {
        "type": "Point",
        "coordinates": [
          12.484664,
          41.899971
        ]
      },
      "properties": {
        "id": "SS-ROM-0523",
        "nome": "Via della Dataria",
        "quartiere": "Municipio Roma I",
        "municipio": "I",
        "classificazione": "blu",
        "score": 2,
        "ciclabile": "no",
        "n_corsie": null,
        "senso_unico": null,
        "n_testimonianze": 1,
        "note": "Aggiunta da 1 segnalazioni reali via form (ultima: 2026-06-17T05:10)."
      }
    },
    {
      "type": "Feature",
      "geometry": {
        "type": "Point",
        "coordinates": [
          12.483205,
          41.899795
        ]
      },
      "properties": {
        "id": "SS-ROM-0524",
        "nome": "Via dell'Umiltà",
        "quartiere": "Municipio Roma I",
        "municipio": "I",
        "classificazione": "blu",
        "score": 2,
        "ciclabile": "no",
        "n_corsie": null,
        "senso_unico": null,
        "n_testimonianze": 1,
        "note": "Aggiunta da 1 segnalazioni reali via form (ultima: 2026-06-17T05:10)."
      }
    },
    {
      "type": "Feature",
      "geometry": {
        "type": "Point",
        "coordinates": [
          12.484063,
          41.901342
        ]
      },
      "properties": {
        "id": "SS-ROM-0525",
        "nome": "Vicolo Scavolino",
        "quartiere": "Municipio Roma I",
        "municipio": "I",
        "classificazione": "blu",
        "score": 2,
        "ciclabile": "no",
        "n_corsie": null,
        "senso_unico": null,
        "n_testimonianze": 1,
        "note": "Aggiunta da 1 segnalazioni reali via form (ultima: 2026-06-17T05:10)."
      }
    },
    {
      "type": "Feature",
      "geometry": {
        "type": "Point",
        "coordinates": [
          12.483408,
          41.901446
        ]
      },
      "properties": {
        "id": "SS-ROM-0526",
        "nome": "Via della Stamperia",
        "quartiere": "Municipio Roma I",
        "municipio": "I",
        "classificazione": "blu",
        "score": 2,
        "ciclabile": "no",
        "n_corsie": null,
        "senso_unico": null,
        "n_testimonianze": 1,
        "note": "Aggiunta da 1 segnalazioni reali via form (ultima: 2026-06-17T05:10)."
      }
    },
    {
      "type": "Feature",
      "geometry": {
        "type": "Point",
        "coordinates": [
          12.482797,
          41.901262
        ]
      },
      "properties": {
        "id": "SS-ROM-0527",
        "nome": "Via Poli",
        "quartiere": "Municipio Roma I",
        "municipio": "I",
        "classificazione": "blu",
        "score": 2,
        "ciclabile": "no",
        "n_corsie": null,
        "senso_unico": null,
        "n_testimonianze": 1,
        "note": "Aggiunta da 1 segnalazioni reali via form (ultima: 2026-06-17T05:09)."
      }
    },
    {
      "type": "Feature",
      "geometry": {
        "type": "Point",
        "coordinates": [
          12.483387,
          41.902292
        ]
      },
      "properties": {
        "id": "SS-ROM-0528",
        "nome": "Via del Tritone",
        "quartiere": "Municipio Roma I",
        "municipio": "I",
        "classificazione": "rosso",
        "score": 4,
        "ciclabile": "no",
        "n_corsie": null,
        "senso_unico": null,
        "n_testimonianze": 1,
        "note": "Aggiunta da 1 segnalazioni reali via form (ultima: 2026-06-17T05:09)."
      }
    },
    {
      "type": "Feature",
      "geometry": {
        "type": "Point",
        "coordinates": [
          12.481091,
          41.902557
        ]
      },
      "properties": {
        "id": "SS-ROM-0529",
        "nome": "Piazza di San Silvestro",
        "quartiere": "Municipio Roma I",
        "municipio": "I",
        "classificazione": "blu",
        "score": 2,
        "ciclabile": "no",
        "n_corsie": null,
        "senso_unico": null,
        "n_testimonianze": 1,
        "note": "Aggiunta da 1 segnalazioni reali via form (ultima: 2026-06-17T05:09)."
      }
    },
    {
      "type": "Feature",
      "geometry": {
        "type": "Point",
        "coordinates": [
          12.481066,
          41.90367
        ]
      },
      "properties": {
        "id": "SS-ROM-0530",
        "nome": "Via della Vite",
        "quartiere": "Municipio Roma I",
        "municipio": "I",
        "classificazione": "blu",
        "score": 2,
        "ciclabile": "no",
        "n_corsie": null,
        "senso_unico": null,
        "n_testimonianze": 1,
        "note": "Aggiunta da 1 segnalazioni reali via form (ultima: 2026-06-17T05:09)."
      }
    },
    {
      "type": "Feature",
      "geometry": {
        "type": "Point",
        "coordinates": [
          12.480805,
          41.904133
        ]
      },
      "properties": {
        "id": "SS-ROM-0531",
        "nome": "Via Frattina",
        "quartiere": "Municipio Roma I",
        "municipio": "I",
        "classificazione": "blu",
        "score": 2,
        "ciclabile": "no",
        "n_corsie": null,
        "senso_unico": null,
        "n_testimonianze": 1,
        "note": "Aggiunta da 1 segnalazioni reali via form (ultima: 2026-06-17T05:09)."
      }
    },
    {
      "type": "Feature",
      "geometry": {
        "type": "Point",
        "coordinates": [
          12.48083,
          41.904692
        ]
      },
      "properties": {
        "id": "SS-ROM-0532",
        "nome": "Via Bocca di Leone",
        "quartiere": "Municipio Roma I",
        "municipio": "I",
        "classificazione": "blu",
        "score": 2,
        "ciclabile": "no",
        "n_corsie": null,
        "senso_unico": null,
        "n_testimonianze": 1,
        "note": "Aggiunta da 1 segnalazioni reali via form (ultima: 2026-06-17T05:09)."
      }
    },
    {
      "type": "Feature",
      "geometry": {
        "type": "Point",
        "coordinates": [
          12.480072,
          41.904999
        ]
      },
      "properties": {
        "id": "SS-ROM-0533",
        "nome": "Via dei Condotti",
        "quartiere": "Municipio Roma I",
        "municipio": "I",
        "classificazione": "blu",
        "score": 2,
        "ciclabile": "no",
        "n_corsie": null,
        "senso_unico": null,
        "n_testimonianze": 1,
        "note": "Aggiunta da 1 segnalazioni reali via form (ultima: 2026-06-17T05:09)."
      }
    },
    {
      "type": "Feature",
      "geometry": {
        "type": "Point",
        "coordinates": [
          12.479299,
          41.90568
        ]
      },
      "properties": {
        "id": "SS-ROM-0534",
        "nome": "Via della Frezza",
        "quartiere": "Municipio Roma I",
        "municipio": "I",
        "classificazione": "blu",
        "score": 2,
        "ciclabile": "no",
        "n_corsie": null,
        "senso_unico": null,
        "n_testimonianze": 1,
        "note": "Aggiunta da 1 segnalazioni reali via form (ultima: 2026-06-17T05:09)."
      }
    },
    {
      "type": "Feature",
      "geometry": {
        "type": "Point",
        "coordinates": [
          12.476678,
          41.90859
        ]
      },
      "properties": {
        "id": "SS-ROM-0535",
        "nome": "Via del Vantaggio",
        "quartiere": "Municipio Roma I",
        "municipio": "I",
        "classificazione": "blu",
        "score": 2,
        "ciclabile": "no",
        "n_corsie": null,
        "senso_unico": null,
        "n_testimonianze": 1,
        "note": "Aggiunta da 1 segnalazioni reali via form (ultima: 2026-06-17T05:08)."
      }
    },
    {
      "type": "Feature",
      "geometry": {
        "type": "Point",
        "coordinates": [
          12.476431,
          41.909184
        ]
      },
      "properties": {
        "id": "SS-ROM-0536",
        "nome": "Via Angelo Brunetti",
        "quartiere": "Municipio Roma I",
        "municipio": "I",
        "classificazione": "blu",
        "score": 2,
        "ciclabile": "no",
        "n_corsie": null,
        "senso_unico": null,
        "n_testimonianze": 1,
        "note": "Aggiunta da 1 segnalazioni reali via form (ultima: 2026-06-17T05:08)."
      }
    },
    {
      "type": "Feature",
      "geometry": {
        "type": "Point",
        "coordinates": [
          12.477622,
          41.909264
        ]
      },
      "properties": {
        "id": "SS-ROM-0537",
        "nome": "Via della Fontanella",
        "quartiere": "Municipio Roma I",
        "municipio": "I",
        "classificazione": "blu",
        "score": 2,
        "ciclabile": "no",
        "n_corsie": null,
        "senso_unico": null,
        "n_testimonianze": 1,
        "note": "Aggiunta da 1 segnalazioni reali via form (ultima: 2026-06-17T05:08)."
      }
    },
    {
      "type": "Feature",
      "geometry": {
        "type": "Point",
        "coordinates": [
          12.47789,
          41.908691
        ]
      },
      "properties": {
        "id": "SS-ROM-0538",
        "nome": "Via Laurina",
        "quartiere": "Municipio Roma I",
        "municipio": "I",
        "classificazione": "blu",
        "score": 2,
        "ciclabile": "no",
        "n_corsie": null,
        "senso_unico": null,
        "n_testimonianze": 1,
        "note": "Aggiunta da 1 segnalazioni reali via form (ultima: 2026-06-17T05:08)."
      }
    },
    {
      "type": "Feature",
      "geometry": {
        "type": "Point",
        "coordinates": [
          12.47828,
          41.908297
        ]
      },
      "properties": {
        "id": "SS-ROM-0539",
        "nome": "Via di Gesù e Maria",
        "quartiere": "Municipio Roma I",
        "municipio": "I",
        "classificazione": "blu",
        "score": 2,
        "ciclabile": "no",
        "n_corsie": null,
        "senso_unico": null,
        "n_testimonianze": 1,
        "note": "Aggiunta da 1 segnalazioni reali via form (ultima: 2026-06-17T05:08)."
      }
    },
    {
      "type": "Feature",
      "geometry": {
        "type": "Point",
        "coordinates": [
          12.478502,
          41.907789
        ]
      },
      "properties": {
        "id": "SS-ROM-0540",
        "nome": "Via di San Giacomo",
        "quartiere": "Municipio Roma I",
        "municipio": "I",
        "classificazione": "blu",
        "score": 2,
        "ciclabile": "no",
        "n_corsie": null,
        "senso_unico": null,
        "n_testimonianze": 1,
        "note": "Aggiunta da 1 segnalazioni reali via form (ultima: 2026-06-17T05:08)."
      }
    },
    {
      "type": "Feature",
      "geometry": {
        "type": "Point",
        "coordinates": [
          12.479278,
          41.906793
        ]
      },
      "properties": {
        "id": "SS-ROM-0541",
        "nome": "Via Belsiana",
        "quartiere": "Municipio Roma I",
        "municipio": "I",
        "classificazione": "blu",
        "score": 2,
        "ciclabile": "no",
        "n_corsie": null,
        "senso_unico": null,
        "n_testimonianze": 1,
        "note": "Aggiunta da 1 segnalazioni reali via form (ultima: 2026-06-17T05:08)."
      }
    },
    {
      "type": "Feature",
      "geometry": {
        "type": "Point",
        "coordinates": [
          12.47872,
          41.907427
        ]
      },
      "properties": {
        "id": "SS-ROM-0542",
        "nome": "Vicolo delle Orsoline",
        "quartiere": "Municipio Roma I",
        "municipio": "I",
        "classificazione": "blu",
        "score": 2,
        "ciclabile": "no",
        "n_corsie": null,
        "senso_unico": null,
        "n_testimonianze": 1,
        "note": "Aggiunta da 1 segnalazioni reali via form (ultima: 2026-06-17T05:08)."
      }
    },
    {
      "type": "Feature",
      "geometry": {
        "type": "Point",
        "coordinates": [
          12.451243,
          41.881186
        ]
      },
      "properties": {
        "id": "SS-ROM-0543",
        "nome": "Clivo Rutario",
        "quartiere": "Municipio Roma XII",
        "municipio": "XII",
        "classificazione": "rosso",
        "score": 4,
        "ciclabile": "no",
        "n_corsie": null,
        "senso_unico": null,
        "n_testimonianze": 1,
        "note": "Aggiunta da 1 segnalazioni reali via form (ultima: 2026-06-17T05:03)."
      }
    },
    {
      "type": "Feature",
      "geometry": {
        "type": "Point",
        "coordinates": [
          12.453049,
          41.877826
        ]
      },
      "properties": {
        "id": "SS-ROM-0544",
        "nome": "Via Abate Ugone",
        "quartiere": "Municipio Roma XII",
        "municipio": "XII",
        "classificazione": "rosso",
        "score": 4,
        "ciclabile": "no",
        "n_corsie": null,
        "senso_unico": null,
        "n_testimonianze": 1,
        "note": "Aggiunta da 1 segnalazioni reali via form (ultima: 2026-06-17T05:03)."
      }
    },
    {
      "type": "Feature",
      "geometry": {
        "type": "Point",
        "coordinates": [
          12.453779,
          41.877371
        ]
      },
      "properties": {
        "id": "SS-ROM-0545",
        "nome": "Via Fonteiana",
        "quartiere": "Municipio Roma XII",
        "municipio": "XII",
        "classificazione": "rosso",
        "score": 4,
        "ciclabile": "no",
        "n_corsie": null,
        "senso_unico": null,
        "n_testimonianze": 1,
        "note": "Aggiunta da 1 segnalazioni reali via form (ultima: 2026-06-17T05:03)."
      }
    },
    {
      "type": "Feature",
      "geometry": {
        "type": "Point",
        "coordinates": [
          12.456307,
          41.874103
        ]
      },
      "properties": {
        "id": "SS-ROM-0546",
        "nome": "Via di Donna Olimpia",
        "quartiere": "Municipio Roma XII",
        "municipio": "XII",
        "classificazione": "rosso",
        "score": 4,
        "ciclabile": "no",
        "n_corsie": null,
        "senso_unico": null,
        "n_testimonianze": 1,
        "note": "Aggiunta da 1 segnalazioni reali via form (ultima: 2026-06-17T05:02)."
      }
    },
    {
      "type": "Feature",
      "geometry": {
        "type": "Point",
        "coordinates": [
          12.458389,
          41.873027
        ]
      },
      "properties": {
        "id": "SS-ROM-0547",
        "nome": "Piazzale Enrico Dunant",
        "quartiere": "Municipio Roma XII",
        "municipio": "XII",
        "classificazione": "rosso",
        "score": 4,
        "ciclabile": "no",
        "n_corsie": null,
        "senso_unico": null,
        "n_testimonianze": 1,
        "note": "Aggiunta da 1 segnalazioni reali via form (ultima: 2026-06-17T05:02)."
      }
    },
    {
      "type": "Feature",
      "geometry": {
        "type": "Point",
        "coordinates": [
          12.4799,
          41.890057
        ]
      },
      "properties": {
        "id": "SS-ROM-0548",
        "nome": "Lungotevere dei Pierleoni",
        "quartiere": "Municipio Roma I",
        "municipio": "I",
        "classificazione": "nero",
        "score": 5,
        "ciclabile": "no",
        "n_corsie": null,
        "senso_unico": null,
        "n_testimonianze": 1,
        "note": "Aggiunta da 1 segnalazioni reali via form (ultima: 2026-06-17T04:58)."
      }
    },
    {
      "type": "Feature",
      "geometry": {
        "type": "Point",
        "coordinates": [
          12.47946,
          41.890705
        ]
      },
      "properties": {
        "id": "SS-ROM-0549",
        "nome": "Piazza di Monte Savello",
        "quartiere": "Municipio Roma I",
        "municipio": "I",
        "classificazione": "nero",
        "score": 5,
        "ciclabile": "no",
        "n_corsie": null,
        "senso_unico": null,
        "n_testimonianze": 1,
        "note": "Aggiunta da 1 segnalazioni reali via form (ultima: 2026-06-17T04:58)."
      }
    },
    {
      "type": "Feature",
      "geometry": {
        "type": "Point",
        "coordinates": [
          12.472229,
          41.895453
        ]
      },
      "properties": {
        "id": "SS-ROM-0550",
        "nome": "Via della Corda",
        "quartiere": "Municipio Roma I",
        "municipio": "I",
        "classificazione": "blu",
        "score": 2,
        "ciclabile": "no",
        "n_corsie": null,
        "senso_unico": null,
        "n_testimonianze": 1,
        "note": "Aggiunta da 1 segnalazioni reali via form (ultima: 2026-06-17T04:58)."
      }
    },
    {
      "type": "Feature",
      "geometry": {
        "type": "Point",
        "coordinates": [
          12.469965,
          41.896234
        ]
      },
      "properties": {
        "id": "SS-ROM-0551",
        "nome": "Via di Montoro",
        "quartiere": "Municipio Roma I",
        "municipio": "I",
        "classificazione": "blu",
        "score": 2,
        "ciclabile": "no",
        "n_corsie": null,
        "senso_unico": null,
        "n_testimonianze": 1,
        "note": "Aggiunta da 1 segnalazioni reali via form (ultima: 2026-06-17T04:58)."
      }
    },
    {
      "type": "Feature",
      "geometry": {
        "type": "Point",
        "coordinates": [
          12.469085,
          41.897245
        ]
      },
      "properties": {
        "id": "SS-ROM-0552",
        "nome": "Via del Pellegrino",
        "quartiere": "Municipio Roma I",
        "municipio": "I",
        "classificazione": "blu",
        "score": 2,
        "ciclabile": "no",
        "n_corsie": null,
        "senso_unico": null,
        "n_testimonianze": 1,
        "note": "Aggiunta da 1 segnalazioni reali via form (ultima: 2026-06-17T04:58)."
      }
    },
    {
      "type": "Feature",
      "geometry": {
        "type": "Point",
        "coordinates": [
          12.46761,
          41.899382
        ]
      },
      "properties": {
        "id": "SS-ROM-0553",
        "nome": "Piazza dell'Orologio",
        "quartiere": "Municipio Roma I",
        "municipio": "I",
        "classificazione": "blu",
        "score": 2,
        "ciclabile": "no",
        "n_corsie": null,
        "senso_unico": null,
        "n_testimonianze": 1,
        "note": "Aggiunta da 1 segnalazioni reali via form (ultima: 2026-06-17T04:57)."
      }
    },
    {
      "type": "Feature",
      "geometry": {
        "type": "Point",
        "coordinates": [
          12.471587,
          41.900449
        ]
      },
      "properties": {
        "id": "SS-ROM-0554",
        "nome": "Via dei Coronari",
        "quartiere": "Municipio Roma I",
        "municipio": "I",
        "classificazione": "blu",
        "score": 2,
        "ciclabile": "no",
        "n_corsie": null,
        "senso_unico": null,
        "n_testimonianze": 2,
        "note": "Aggiunta da 2 segnalazioni reali via form (ultima: 2026-06-27T05:54)."
      }
    },
    {
      "type": "Feature",
      "geometry": {
        "type": "Point",
        "coordinates": [
          12.470158,
          41.89919
        ]
      },
      "properties": {
        "id": "SS-ROM-0555",
        "nome": "Via del Corallo",
        "quartiere": "Municipio Roma I",
        "municipio": "I",
        "classificazione": "blu",
        "score": 2,
        "ciclabile": "no",
        "n_corsie": null,
        "senso_unico": null,
        "n_testimonianze": 3,
        "note": "Aggiunta da 3 segnalazioni reali via form (ultima: 2026-06-27T05:54)."
      }
    },
    {
      "type": "Feature",
      "geometry": {
        "type": "Point",
        "coordinates": [
          12.471207,
          41.899254
        ]
      },
      "properties": {
        "id": "SS-ROM-0556",
        "nome": "Via di Tor Millina",
        "quartiere": "Municipio Roma I",
        "municipio": "I",
        "classificazione": "blu",
        "score": 2,
        "ciclabile": "no",
        "n_corsie": null,
        "senso_unico": null,
        "n_testimonianze": 1,
        "note": "Aggiunta da 1 segnalazioni reali via form (ultima: 2026-06-17T04:57)."
      }
    },
    {
      "type": "Feature",
      "geometry": {
        "type": "Point",
        "coordinates": [
          12.48211,
          41.903167
        ]
      },
      "properties": {
        "id": "SS-ROM-0557",
        "nome": "Via della Mercede",
        "quartiere": "Municipio Roma I",
        "municipio": "I",
        "classificazione": "giallo",
        "score": 3,
        "ciclabile": "no",
        "n_corsie": null,
        "senso_unico": null,
        "n_testimonianze": 1,
        "note": "Aggiunta da 1 segnalazioni reali via form (ultima: 2026-06-30T22:16)."
      }
    },
    {
      "type": "Feature",
      "geometry": {
        "type": "Point",
        "coordinates": [
          12.521399,
          41.88759
        ]
      },
      "properties": {
        "id": "SS-ROM-0558",
        "nome": "Via Gallarate",
        "quartiere": "Municipio Roma VII",
        "municipio": "VII",
        "classificazione": "verde",
        "score": 1,
        "ciclabile": "si",
        "n_corsie": null,
        "senso_unico": null,
        "n_testimonianze": 1,
        "note": "Aggiunta da 1 segnalazioni reali via form (ultima: 2026-06-30T15:52)."
      }
    },
    {
      "type": "Feature",
      "geometry": {
        "type": "Point",
        "coordinates": [
          12.452517,
          41.90977
        ]
      },
      "properties": {
        "id": "SS-ROM-0559",
        "nome": "Via Andrea Doria",
        "quartiere": "Municipio Roma I",
        "municipio": "I",
        "classificazione": "verde",
        "score": 1,
        "ciclabile": "si",
        "n_corsie": null,
        "senso_unico": null,
        "n_testimonianze": 1,
        "note": "Aggiunta da 1 segnalazioni reali via form (ultima: 2026-06-28T16:42)."
      }
    },
    {
      "type": "Feature",
      "geometry": {
        "type": "Point",
        "coordinates": [
          12.304703,
          41.718423
        ]
      },
      "properties": {
        "id": "SS-ROM-0560",
        "nome": "Belvedere Giovanni Carosio",
        "quartiere": "Lido di Castel Fusano",
        "municipio": "",
        "classificazione": "verde",
        "score": 1,
        "ciclabile": "si",
        "n_corsie": null,
        "senso_unico": null,
        "n_testimonianze": 1,
        "note": "Aggiunta da 1 segnalazioni reali via form (ultima: 2026-06-28T06:58)."
      }
    },
    {
      "type": "Feature",
      "geometry": {
        "type": "Point",
        "coordinates": [
          12.292309,
          41.72396
        ]
      },
      "properties": {
        "id": "SS-ROM-0561",
        "nome": "Lungomare Duilio",
        "quartiere": "Lido di Ostia Levante",
        "municipio": "",
        "classificazione": "verde",
        "score": 1,
        "ciclabile": "si",
        "n_corsie": null,
        "senso_unico": null,
        "n_testimonianze": 1,
        "note": "Aggiunta da 1 segnalazioni reali via form (ultima: 2026-06-28T06:58)."
      }
    },
    {
      "type": "Feature",
      "geometry": {
        "type": "Point",
        "coordinates": [
          12.287505,
          41.72553
        ]
      },
      "properties": {
        "id": "SS-ROM-0562",
        "nome": "Piazzale Magellano",
        "quartiere": "Lido di Ostia Levante",
        "municipio": "",
        "classificazione": "verde",
        "score": 1,
        "ciclabile": "si",
        "n_corsie": null,
        "senso_unico": null,
        "n_testimonianze": 1,
        "note": "Aggiunta da 1 segnalazioni reali via form (ultima: 2026-06-28T06:57)."
      }
    },
    {
      "type": "Feature",
      "geometry": {
        "type": "Point",
        "coordinates": [
          12.283663,
          41.727335
        ]
      },
      "properties": {
        "id": "SS-ROM-0563",
        "nome": "Lungomare Paolo Toscanelli",
        "quartiere": "Lido di Ostia Levante",
        "municipio": "",
        "classificazione": "verde",
        "score": 1,
        "ciclabile": "si",
        "n_corsie": null,
        "senso_unico": null,
        "n_testimonianze": 1,
        "note": "Aggiunta da 1 segnalazioni reali via form (ultima: 2026-06-28T06:57)."
      }
    },
    {
      "type": "Feature",
      "geometry": {
        "type": "Point",
        "coordinates": [
          12.486506,
          41.851436
        ]
      },
      "properties": {
        "id": "SS-ROM-0564",
        "nome": "Via Cristoforo Colombo",
        "quartiere": "Municipio Roma VIII",
        "municipio": "VIII",
        "classificazione": "nero",
        "score": 5,
        "ciclabile": "no",
        "n_corsie": null,
        "senso_unico": null,
        "n_testimonianze": 1,
        "note": "Aggiunta da 1 segnalazioni reali via form (ultima: 2026-06-27T22:28)."
      }
    },
    {
      "type": "Feature",
      "geometry": {
        "type": "Point",
        "coordinates": [
          12.459814,
          41.82841
        ]
      },
      "properties": {
        "id": "SS-ROM-0565",
        "nome": "Viale della Tecnica",
        "quartiere": "E.U.R.",
        "municipio": "",
        "classificazione": "verde",
        "score": 1,
        "ciclabile": "si",
        "n_corsie": null,
        "senso_unico": null,
        "n_testimonianze": 1,
        "note": "Aggiunta da 1 segnalazioni reali via form (ultima: 2026-06-27T14:29)."
      }
    },
    {
      "type": "Feature",
      "geometry": {
        "type": "Point",
        "coordinates": [
          12.46675,
          41.898687
        ]
      },
      "properties": {
        "id": "SS-ROM-0566",
        "nome": "Via del Pavone",
        "quartiere": "Municipio Roma I",
        "municipio": "I",
        "classificazione": "giallo",
        "score": 3,
        "ciclabile": "no",
        "n_corsie": null,
        "senso_unico": null,
        "n_testimonianze": 1,
        "note": "Aggiunta da 1 segnalazioni reali via form (ultima: 2026-06-27T05:55)."
      }
    },
    {
      "type": "Feature",
      "geometry": {
        "type": "Point",
        "coordinates": [
          12.468405,
          41.899697
        ]
      },
      "properties": {
        "id": "SS-ROM-0567",
        "nome": "Via di Monte Giordano",
        "quartiere": "Municipio Roma I",
        "municipio": "I",
        "classificazione": "blu",
        "score": 2,
        "ciclabile": "no",
        "n_corsie": null,
        "senso_unico": null,
        "n_testimonianze": 2,
        "note": "Aggiunta da 2 segnalazioni reali via form (ultima: 2026-06-27T05:54)."
      }
    },
    {
      "type": "Feature",
      "geometry": {
        "type": "Point",
        "coordinates": [
          12.47231,
          41.899586
        ]
      },
      "properties": {
        "id": "SS-ROM-0568",
        "nome": "Via di Santa Maria dell'Anima",
        "quartiere": "Municipio Roma I",
        "municipio": "I",
        "classificazione": "blu",
        "score": 2,
        "ciclabile": "no",
        "n_corsie": null,
        "senso_unico": null,
        "n_testimonianze": 2,
        "note": "Aggiunta da 2 segnalazioni reali via form (ultima: 2026-06-27T05:54)."
      }
    },
    {
      "type": "Feature",
      "geometry": {
        "type": "Point",
        "coordinates": [
          12.469034,
          41.900527
        ]
      },
      "properties": {
        "id": "SS-ROM-0569",
        "nome": "Piazza di San Salvatore in Lauro",
        "quartiere": "Municipio Roma I",
        "municipio": "I",
        "classificazione": "blu",
        "score": 2,
        "ciclabile": "no",
        "n_corsie": null,
        "senso_unico": null,
        "n_testimonianze": 2,
        "note": "Aggiunta da 2 segnalazioni reali via form (ultima: 2026-06-27T05:54)."
      }
    },
    {
      "type": "Feature",
      "geometry": {
        "type": "Point",
        "coordinates": [
          12.467563,
          41.900398
        ]
      },
      "properties": {
        "id": "SS-ROM-0570",
        "nome": "Via di Panico",
        "quartiere": "Municipio Roma I",
        "municipio": "I",
        "classificazione": "blu",
        "score": 2,
        "ciclabile": "no",
        "n_corsie": null,
        "senso_unico": null,
        "n_testimonianze": 1,
        "note": "Aggiunta da 1 segnalazioni reali via form (ultima: 2026-06-27T05:53)."
      }
    },
    {
      "type": "Feature",
      "geometry": {
        "type": "Point",
        "coordinates": [
          12.520035,
          41.884734
        ]
      },
      "properties": {
        "id": "SS-ROM-0571",
        "nome": "Via Volterra",
        "quartiere": "Municipio Roma VII",
        "municipio": "VII",
        "classificazione": "giallo",
        "score": 3,
        "ciclabile": "no",
        "n_corsie": null,
        "senso_unico": null,
        "n_testimonianze": 1,
        "note": "Aggiunta da 1 segnalazioni reali via form (ultima: 2026-06-19T14:41)."
      }
    },
    {
      "type": "Feature",
      "geometry": {
        "type": "Point",
        "coordinates": [
          12.519388,
          41.884794
        ]
      },
      "properties": {
        "id": "SS-ROM-0572",
        "nome": "Via Pistoia",
        "quartiere": "Municipio Roma VII",
        "municipio": "VII",
        "classificazione": "giallo",
        "score": 3,
        "ciclabile": "no",
        "n_corsie": null,
        "senso_unico": null,
        "n_testimonianze": 1,
        "note": "Aggiunta da 1 segnalazioni reali via form (ultima: 2026-06-19T14:40)."
      }
    },
    {
      "type": "Feature",
      "geometry": {
        "type": "Point",
        "coordinates": [
          12.519461,
          41.886038
        ]
      },
      "properties": {
        "id": "SS-ROM-0573",
        "nome": "Via Voghera",
        "quartiere": "Municipio Roma VII",
        "municipio": "VII",
        "classificazione": "giallo",
        "score": 3,
        "ciclabile": "no",
        "n_corsie": null,
        "senso_unico": null,
        "n_testimonianze": 1,
        "note": "Aggiunta da 1 segnalazioni reali via form (ultima: 2026-06-19T14:40)."
      }
    },
    {
      "type": "Feature",
      "geometry": {
        "type": "Point",
        "coordinates": [
          12.518828,
          41.885184
        ]
      },
      "properties": {
        "id": "SS-ROM-0574",
        "nome": "Via Terni",
        "quartiere": "Municipio Roma VII",
        "municipio": "VII",
        "classificazione": "giallo",
        "score": 3,
        "ciclabile": "no",
        "n_corsie": null,
        "senso_unico": null,
        "n_testimonianze": 2,
        "note": "Aggiunta da 2 segnalazioni reali via form (ultima: 2026-06-19T14:40)."
      }
    }
  ],
  "meta": {
    "ultima_segnalazione": "2026-06-30T22:16",
    "totale_segnalazioni_raccolte": 354,
    "totale_segnalazioni_geolocalizzate": 280,
    "generato_il": "2026-07-01",
    "nota": "Le 74 segnalazioni aggiuntive (senza coordinate GPS nel form) sono usate solo per la riconciliazione colori, non compaiono sulla mappa."
  }
}